date,open,high,low,close,volume
1998-08-18,12.88,13.12,12.88,13.0,5783000.0
1998-08-19,13.0,13.25,13.0,13.0,388700.0
1998-08-20,13.12,13.25,13.0,13.0,348500.0
1998-08-21,13.0,13.0,13.0,13.0,804000.0
1998-08-24,13.0,13.0,13.0,13.0,119700.0
1998-08-25,13.0,13.0,12.88,13.0,294100.0
1998-08-26,13.0,13.0,12.12,12.25,383800.0
1998-08-27,12.25,12.38,10.75,11.12,435300.0
1998-08-28,11.38,11.38,10.0,10.0,192400.0
1998-08-31,10.0,10.13,7.63,8.13,150800.0
1998-09-01,8.25,9.0,6.69,8.5,440700.0
1998-09-02,8.5,10.5,8.5,9.56,509200.0
1998-09-03,9.75,9.75,8.5,8.75,165900.0
1998-09-04,9.0,9.0,8.13,8.38,155700.0
1998-09-08,9.0,10.0,8.75,9.88,149300.0
1998-09-09,9.88,10.0,9.5,9.5,116900.0
1998-09-10,9.38,9.38,9.0,9.25,80700.0
1998-09-11,9.31,9.38,9.0,9.0,84800.0
1998-09-14,9.25,9.63,9.0,9.0,90800.0
1998-09-15,9.13,9.25,8.63,8.75,200400.0
1998-09-16,8.75,8.75,7.75,7.88,221300.0
1998-09-17,7.88,8.63,7.88,8.28,87300.0
1998-09-18,8.38,8.69,7.75,8.25,147300.0
1998-09-21,7.88,8.0,6.88,7.0,472900.0
1998-09-22,7.13,8.13,7.06,8.0,728300.0
1998-09-23,8.25,8.63,8.0,8.38,382500.0
1998-09-24,8.5,9.38,8.5,9.06,280800.0
1998-09-25,8.75,9.44,8.75,9.38,44400.0
1998-09-28,9.5,9.88,9.38,9.38,26500.0
1998-09-29,9.5,9.75,9.25,9.53,88300.0
1998-09-30,9.5,10.06,9.38,9.63,172300.0
1998-10-01,9.63,9.63,8.88,8.88,85500.0
1998-10-02,8.88,9.25,8.88,8.88,58700.0
1998-10-05,8.75,8.88,8.0,8.0,63000.0
1998-10-06,9.0,9.13,8.0,8.38,129500.0
1998-10-07,8.38,8.63,7.81,7.81,340400.0
1998-10-08,7.75,7.81,6.0,6.31,346800.0
1998-10-09,7.0,7.13,6.13,6.25,271500.0
1998-10-12,6.5,6.5,6.0,6.25,660400.0
1998-10-13,6.25,7.5,6.25,7.0,228600.0
1998-10-14,6.88,7.63,6.88,7.63,46400.0
1998-10-15,7.5,7.63,7.38,7.56,44100.0
1998-10-16,7.81,8.38,7.5,7.88,421600.0
1998-10-19,8.13,8.56,8.0,8.56,50600.0
1998-10-20,8.63,9.5,8.5,9.38,354800.0
1998-10-21,9.44,10.38,9.44,10.0,156000.0
1998-10-22,10.13,11.5,10.0,11.44,134600.0
1998-10-23,11.63,13.13,11.38,13.0,411400.0
1998-10-26,13.0,13.0,12.63,12.75,125500.0
1998-10-27,12.88,13.38,12.38,12.44,417500.0
1998-10-28,12.38,12.75,12.25,12.75,53000.0
1998-10-29,12.63,13.06,11.75,12.0,280000.0
1998-10-30,12.0,12.88,11.88,12.88,198600.0
1998-11-02,12.94,13.31,12.63,12.88,105900.0
1998-11-03,12.81,12.88,12.63,12.75,24900.0
1998-11-04,12.88,12.88,12.25,12.5,105800.0
1998-11-05,12.5,13.25,12.31,13.25,81800.0
1998-11-06,13.25,13.31,12.88,13.25,55600.0
1998-11-09,12.88,13.31,12.75,13.25,84200.0
1998-11-10,13.25,13.31,12.88,13.0,22600.0
1998-11-11,12.88,13.13,12.63,12.75,22200.0
1998-11-12,12.75,12.75,12.25,12.5,23700.0
1998-11-13,12.56,12.56,10.5,11.81,96600.0
1998-11-16,11.69,12.25,11.25,11.5,70500.0
1998-11-17,11.75,12.0,11.13,11.75,188500.0
1998-11-18,11.5,12.0,11.5,11.94,22500.0
1998-11-19,12.0,12.0,10.75,10.88,41700.0
1998-11-20,11.0,11.0,9.88,10.63,148500.0
1998-11-23,10.75,12.5,10.75,11.63,151200.0
1998-11-24,11.44,11.44,11.19,11.31,33400.0
1998-11-25,11.38,12.63,11.19,12.0,66200.0
1998-11-27,11.88,13.25,11.88,12.94,203200.0
1998-11-30,13.25,13.63,12.88,13.44,265900.0
1998-12-01,13.25,13.5,12.63,13.31,73100.0
1998-12-02,13.13,13.75,12.94,13.31,142400.0
1998-12-03,13.5,13.63,13.25,13.63,100000.0
1998-12-04,14.38,16.62,13.94,16.37,377200.0
1998-12-07,16.5,16.75,15.5,15.69,193400.0
1998-12-08,15.88,15.94,14.88,15.19,140300.0
1998-12-09,14.75,19.37,14.75,17.62,412500.0
1998-12-10,17.75,17.87,16.62,16.94,200200.0
1998-12-11,16.5,16.62,15.13,15.94,227800.0
1998-12-14,16.0,16.25,15.25,15.25,84400.0
1998-12-15,16.12,16.37,15.0,15.97,276900.0
1998-12-16,15.94,17.0,15.75,16.87,226900.0
1998-12-17,17.12,17.25,16.75,17.06,222700.0
1998-12-18,17.25,17.25,16.87,17.0,47500.0
1998-12-21,17.12,19.0,16.87,18.5,145100.0
1998-12-22,18.81,18.81,17.75,17.91,652100.0
1998-12-23,18.37,18.75,17.75,18.5,340000.0
1998-12-24,18.37,18.75,17.87,18.0,27100.0
1998-12-28,18.19,20.0,17.87,20.0,139100.0
1998-12-29,20.12,20.87,18.5,20.87,103600.0
1998-12-30,20.62,21.25,20.25,20.87,28700.0
1998-12-31,21.06,23.5,20.87,23.5,96100.0
1999-01-04,23.0,23.5,20.0,21.06,199200.0
1999-01-05,20.56,20.69,19.81,19.94,116900.0
1999-01-06,19.87,22.0,19.87,20.75,160300.0
1999-01-07,21.0,23.25,20.25,22.5,211200.0
1999-01-08,23.25,23.5,22.37,22.41,94600.0
1999-01-11,22.5,22.5,21.75,21.87,37200.0
1999-01-12,22.06,22.06,20.25,21.0,79800.0
1999-01-13,19.75,20.87,19.25,20.25,113400.0
1999-01-14,20.5,21.25,20.25,20.94,212300.0
1999-01-15,20.62,21.75,20.62,21.75,42700.0
1999-01-19,21.75,22.87,21.12,22.12,178900.0
1999-01-20,22.25,22.94,22.25,22.75,104800.0
1999-01-21,22.44,22.5,21.5,21.5,128100.0
1999-01-22,21.12,21.25,19.87,20.0,72800.0
1999-01-25,20.0,21.62,19.5,21.62,70400.0
1999-01-26,21.87,22.75,21.0,21.5,123800.0
1999-01-27,21.75,22.25,20.75,21.56,15000.0
1999-01-28,21.62,22.0,21.0,21.37,31000.0
1999-01-29,21.62,21.75,21.37,21.62,51900.0
1999-02-01,21.62,21.75,21.37,21.56,73100.0
1999-02-02,21.56,22.0,21.56,21.87,13300.0
1999-02-03,22.25,22.25,21.5,21.62,9800.0
1999-02-04,21.37,21.75,21.37,21.75,28800.0
1999-02-05,21.75,22.0,21.37,21.75,25400.0
1999-02-08,21.87,23.12,21.25,21.75,193600.0
1999-02-09,21.5,21.75,21.0,21.12,23800.0
1999-02-10,21.12,21.5,20.75,21.0,5400.0
1999-02-11,21.37,21.5,19.5,19.69,96500.0
1999-02-12,19.69,19.69,18.12,18.75,85500.0
1999-02-16,19.37,19.37,18.0,19.0,78800.0
1999-02-17,19.12,19.12,17.5,18.37,28400.0
1999-02-18,18.37,19.06,18.0,18.75,32400.0
1999-02-19,18.75,19.0,18.62,18.62,122500.0
1999-02-22,19.12,19.12,18.94,18.94,97000.0
1999-02-23,19.12,19.12,18.75,18.87,13100.0
1999-02-24,18.87,19.12,18.87,18.94,190100.0
1999-02-25,18.94,19.12,18.62,19.12,17300.0
1999-02-26,19.0,19.0,17.0,17.0,173400.0
1999-03-01,17.0,17.25,16.62,17.25,31700.0
1999-03-02,17.12,17.25,17.0,17.12,131700.0
1999-03-03,17.12,17.31,17.0,17.12,117400.0
1999-03-04,17.25,18.12,17.12,18.12,247600.0
1999-03-05,18.37,18.81,18.25,18.62,66100.0
1999-03-08,18.87,19.0,18.37,18.87,378000.0
1999-03-09,21.0,21.5,19.25,19.37,535500.0
1999-03-10,19.5,19.5,18.0,18.12,158000.0
1999-03-11,18.0,18.56,17.81,18.06,508800.0
1999-03-12,18.0,18.87,17.75,18.56,235200.0
1999-03-15,18.37,19.94,18.37,19.94,231800.0
1999-03-16,20.0,20.06,19.37,20.0,57300.0
1999-03-17,20.0,20.06,19.0,19.91,56600.0
1999-03-18,19.5,19.75,18.75,19.25,390700.0
1999-03-19,19.37,19.37,18.75,18.87,44100.0
1999-03-22,19.25,19.25,18.75,18.94,122100.0
1999-03-23,18.87,19.06,18.25,18.25,361500.0
1999-03-24,18.5,18.5,18.12,18.37,2900.0
1999-03-25,18.37,18.5,18.0,18.12,197300.0
1999-03-26,18.0,18.25,18.0,18.0,24600.0
1999-03-29,18.0,18.5,18.0,18.37,516800.0
1999-03-30,18.37,18.5,17.87,18.0,129800.0
1999-03-31,17.87,18.06,17.5,18.0,311300.0
1999-04-01,18.06,19.41,17.94,19.0,47100.0
1999-04-05,19.0,19.0,18.0,18.12,26200.0
1999-04-06,18.12,18.12,17.5,17.94,75300.0
1999-04-07,18.37,18.37,17.87,18.09,139200.0
1999-04-08,18.06,18.37,18.06,18.28,70700.0
1999-04-09,18.25,18.31,18.25,18.25,46200.0
1999-04-12,18.19,18.31,18.06,18.19,47700.0
1999-04-13,18.06,18.31,18.06,18.25,166300.0
1999-04-14,18.31,18.31,18.0,18.0,177700.0
1999-04-15,17.94,17.94,17.25,17.62,114000.0
1999-04-16,17.37,17.75,17.0,17.12,291000.0
1999-04-19,17.12,17.5,17.0,17.12,140300.0
1999-04-20,17.12,17.25,16.37,16.97,71600.0
1999-04-21,17.0,18.25,16.81,18.19,227000.0
1999-04-22,18.25,18.62,18.0,18.44,425500.0
1999-04-23,18.44,18.87,18.31,18.75,285200.0
1999-04-26,18.81,19.12,18.5,19.0,150900.0
1999-04-27,19.12,19.19,19.0,19.19,30500.0
1999-04-28,19.25,19.56,19.0,19.5,450000.0
1999-04-29,19.5,19.5,18.75,18.75,342500.0
1999-04-30,18.5,19.12,18.5,19.12,57500.0
1999-05-03,19.12,19.12,18.87,19.0,32100.0
1999-05-04,19.37,20.25,19.12,20.06,722200.0
1999-05-05,20.12,20.62,19.94,20.37,441800.0
1999-05-06,20.44,20.87,20.25,20.56,818800.0
1999-05-07,20.69,21.12,20.31,20.44,346400.0
1999-05-10,20.37,20.37,18.44,18.94,341100.0
1999-05-11,18.56,18.75,18.0,18.19,909400.0
1999-05-12,17.5,18.62,17.12,18.25,10559800.0
1999-05-13,18.87,20.25,18.75,19.87,3129700.0
1999-05-14,19.75,19.87,18.62,19.5,1212300.0
1999-05-17,19.25,20.75,19.0,20.37,683500.0
1999-05-18,20.75,21.37,20.37,20.81,1020000.0
1999-05-19,21.25,21.5,20.75,21.0,548700.0
1999-05-20,21.12,21.12,20.0,20.69,591700.0
1999-05-21,20.5,20.75,19.87,20.0,656500.0
1999-05-24,19.94,20.06,19.12,19.87,504700.0
1999-05-25,19.56,19.81,19.12,19.44,852600.0
1999-05-26,19.37,19.5,18.5,19.0,875700.0
1999-05-27,18.94,18.94,17.75,18.62,546000.0
1999-05-28,18.62,20.12,18.0,20.12,509400.0
1999-06-01,19.81,19.81,18.44,18.56,432200.0
1999-06-02,18.69,18.69,17.12,17.87,591400.0
1999-06-03,18.0,18.81,17.87,18.44,418200.0
1999-06-04,18.06,19.75,18.0,19.75,484000.0
1999-06-07,19.87,19.87,18.87,19.12,321900.0
1999-06-08,19.12,19.5,18.87,18.94,436500.0
1999-06-09,18.87,19.37,18.87,19.37,229600.0
1999-06-10,18.87,19.19,18.81,19.0,272800.0
1999-06-11,19.06,19.06,18.37,18.87,388300.0
1999-06-14,18.5,18.5,17.75,18.0,466800.0
1999-06-15,17.87,18.56,17.87,18.25,737300.0
1999-06-16,18.12,19.37,18.12,19.37,476400.0
1999-06-17,19.12,19.87,19.0,19.81,447900.0
1999-06-18,19.81,19.87,19.37,19.75,76600.0
1999-06-21,19.69,19.75,19.19,19.31,99900.0
1999-06-22,19.31,19.5,18.44,18.44,243500.0
1999-06-23,18.69,19.12,18.25,19.12,247200.0
1999-06-24,19.12,19.12,18.0,18.0,206200.0
1999-06-25,18.12,18.5,16.87,17.19,235300.0
1999-06-28,17.37,18.62,17.31,18.62,378500.0
1999-06-29,18.75,19.81,18.62,19.75,388200.0
1999-06-30,20.0,21.06,19.62,20.81,1065800.0
1999-07-01,20.81,22.0,20.37,21.37,401500.0
1999-07-02,21.5,22.25,20.94,21.31,217200.0
1999-07-06,21.31,21.31,20.37,20.5,241500.0
1999-07-07,20.37,20.37,19.31,19.44,317700.0
1999-07-08,19.75,19.94,19.44,19.94,137100.0
1999-07-09,19.87,20.12,19.75,20.06,238600.0
1999-07-12,20.5,21.5,20.44,21.12,386400.0
1999-07-13,21.06,22.87,21.06,22.37,345400.0
1999-07-14,22.5,25.12,22.31,25.0,979800.0
1999-07-15,25.12,25.12,23.12,23.37,324400.0
1999-07-16,23.25,24.25,23.25,24.0,948100.0
1999-07-19,24.12,25.5,24.06,24.81,690100.0
1999-07-20,24.75,24.87,23.87,24.19,213200.0
1999-07-21,23.87,24.87,23.62,24.87,283500.0
1999-07-22,24.25,24.75,23.5,23.69,253700.0
1999-07-23,24.12,24.37,23.69,24.12,514800.0
1999-07-26,24.19,24.62,23.87,24.25,466900.0
1999-07-27,24.44,24.44,22.75,23.25,1084100.0
1999-07-28,23.0,23.37,22.81,22.81,135300.0
1999-07-29,22.5,23.5,21.75,22.87,279800.0
1999-07-30,22.87,23.0,20.5,21.06,141600.0
1999-08-02,21.25,23.69,21.12,23.69,339200.0
1999-08-03,23.75,23.75,22.0,22.81,365500.0
1999-08-04,22.37,22.44,21.56,22.0,162000.0
1999-08-05,22.25,22.5,18.75,19.19,614300.0
1999-08-06,19.25,19.56,18.5,18.56,414400.0
1999-08-09,18.59,19.25,18.0,18.37,257400.0
1999-08-10,18.37,18.37,17.25,17.25,180800.0
1999-08-11,17.59,17.81,17.5,17.81,290500.0
1999-08-12,18.75,18.75,17.62,17.62,207600.0
1999-08-13,17.94,18.12,17.0,17.5,288800.0
1999-08-16,17.56,17.62,16.87,16.87,272400.0
1999-08-17,17.25,18.06,17.0,17.87,548300.0
1999-08-18,18.06,18.06,16.81,16.94,342500.0
1999-08-19,17.0,17.62,16.25,17.56,479400.0
1999-08-20,17.62,17.62,17.31,17.5,233900.0
1999-08-23,17.84,18.0,17.12,17.37,188000.0
1999-08-24,17.5,17.56,17.0,17.37,105300.0
1999-08-25,17.62,17.62,16.5,16.62,368500.0
1999-08-26,17.12,17.25,16.94,17.12,395000.0
1999-08-27,17.25,17.31,15.0,15.25,243200.0
1999-08-30,15.94,16.44,15.63,15.69,482700.0
1999-08-31,15.88,16.69,14.88,15.13,315800.0
1999-09-01,15.69,15.69,14.69,15.5,901500.0
1999-09-02,15.69,17.06,15.56,17.0,588000.0
1999-09-03,17.5,18.12,17.19,18.0,422600.0
1999-09-07,18.81,19.37,18.25,18.94,844700.0
1999-09-08,18.94,19.5,18.75,19.12,698100.0
1999-09-09,19.25,19.5,18.94,19.25,746800.0
1999-09-10,19.5,20.25,18.87,19.62,939800.0
1999-09-13,19.69,19.75,18.87,19.19,468500.0
1999-09-14,19.0,19.44,18.87,19.44,307000.0
1999-09-15,20.0,21.25,19.31,19.81,788400.0
1999-09-16,20.06,20.06,19.12,19.44,642800.0
1999-09-17,19.94,20.0,19.37,19.56,238700.0
1999-09-20,19.56,19.75,19.12,19.12,303700.0
1999-09-21,19.25,19.58,18.5,19.19,101800.0
1999-09-22,19.25,19.25,18.87,19.06,185500.0
1999-09-23,18.87,20.19,18.69,19.94,367900.0
1999-09-24,20.12,20.12,18.81,19.5,163500.0
1999-09-27,19.94,19.94,18.64,19.12,191800.0
1999-09-28,19.0,19.0,18.56,18.69,122100.0
1999-09-29,18.69,18.87,18.5,18.5,326600.0
1999-09-30,18.5,18.81,18.25,18.72,1387500.0
1999-10-01,18.81,18.81,18.31,18.37,566800.0
1999-10-04,18.5,19.12,18.37,18.44,964200.0
1999-10-05,18.75,18.75,18.12,18.19,1119900.0
1999-10-06,18.12,18.62,18.12,18.56,267300.0
1999-10-07,18.62,18.81,18.25,18.25,459400.0
1999-10-08,18.62,18.75,18.25,18.62,223400.0
1999-10-11,18.75,18.75,18.37,18.69,275100.0
1999-10-12,18.81,18.81,17.37,17.87,261900.0
1999-10-13,17.87,17.94,16.62,16.81,166800.0
1999-10-14,17.12,17.37,15.44,16.87,247500.0
1999-10-15,16.0,17.62,16.0,17.5,334100.0
1999-10-18,17.5,17.5,17.06,17.06,204100.0
1999-10-19,17.72,18.0,17.62,17.94,451900.0
1999-10-20,18.12,18.25,18.0,18.06,616900.0
1999-10-21,18.0,18.19,17.81,18.06,100600.0
1999-10-22,18.22,18.75,18.06,18.44,929200.0
1999-10-25,18.37,18.5,18.0,18.31,587200.0
1999-10-26,18.28,19.25,18.28,18.62,132000.0
1999-10-27,18.69,19.25,18.12,19.19,192600.0
1999-10-28,19.59,20.37,19.5,20.03,702700.0
1999-10-29,20.44,20.69,19.06,19.25,317200.0
1999-11-01,19.5,20.0,19.19,19.69,518400.0
1999-11-02,19.75,19.94,18.06,18.12,417400.0
1999-11-03,18.56,18.81,17.87,17.94,1063700.0
1999-11-04,17.94,18.12,17.87,18.0,1744900.0
1999-11-05,19.0,20.5,18.25,20.19,2979800.0
1999-11-08,20.62,23.62,20.62,23.37,1813600.0
1999-11-09,23.94,23.94,21.94,22.31,1114000.0
1999-11-10,21.81,23.0,20.62,21.12,713000.0
1999-11-11,21.37,21.37,20.56,20.75,642000.0
1999-11-12,20.75,20.87,19.0,19.06,992600.0
1999-11-15,19.12,19.75,19.06,19.25,867400.0
1999-11-16,19.44,19.5,18.37,19.06,429700.0
1999-11-17,19.16,19.37,18.62,19.06,754100.0
1999-11-18,19.31,20.5,19.19,19.81,1024100.0
1999-11-19,20.0,21.0,19.81,20.0,1769200.0
1999-11-22,20.37,20.37,19.75,19.81,698100.0
1999-11-23,20.0,20.06,19.25,19.5,2252300.0
1999-11-24,19.47,20.25,19.37,20.0,787300.0
1999-11-26,20.0,20.25,19.87,20.0,192000.0
1999-11-29,20.12,20.5,19.81,20.12,1804900.0
1999-11-30,20.19,21.25,20.12,21.06,1053600.0
1999-12-01,21.12,21.12,20.19,20.25,367300.0
1999-12-02,20.69,22.25,19.75,20.87,627500.0
1999-12-03,21.25,23.62,21.12,23.25,755200.0
1999-12-06,23.25,23.25,21.0,21.25,576900.0
1999-12-07,21.75,22.37,21.5,22.19,789100.0
1999-12-08,22.25,22.25,21.94,22.0,554400.0
1999-12-09,22.19,22.75,22.0,22.69,1073800.0
1999-12-10,22.81,24.12,22.56,24.0,1166900.0
1999-12-13,24.06,25.0,23.19,25.0,977700.0
1999-12-14,25.0,27.5,24.5,27.31,1234400.0
1999-12-15,27.37,27.5,25.87,27.0,991700.0
1999-12-16,27.12,29.19,24.62,24.69,1944300.0
1999-12-17,24.75,26.94,24.5,26.62,1600400.0
1999-12-20,26.31,26.44,24.06,26.31,891300.0
1999-12-21,26.25,28.62,26.19,28.56,1226900.0
1999-12-22,28.5,32.75,28.5,31.56,1689800.0
1999-12-23,31.25,31.5,29.56,30.5,2325300.0
1999-12-27,30.44,32.19,29.87,31.62,243100.0
1999-12-28,31.5,33.5,31.25,32.38,734700.0
1999-12-29,32.38,32.38,30.5,30.56,980500.0
1999-12-30,31.12,31.56,30.62,31.06,697800.0
1999-12-31,30.94,32.13,30.75,32.13,260200.0
2000-01-03,31.69,32.13,30.0,30.53,1084800.0
2000-01-04,30.44,30.87,29.94,30.5,983500.0
2000-01-05,30.56,30.56,29.81,30.06,701200.0
2000-01-06,29.87,29.94,28.19,29.0,843300.0
2000-01-07,29.5,30.5,29.0,30.5,597200.0
2000-01-10,32.75,34.13,31.75,31.94,1136600.0
2000-01-11,32.19,32.25,30.25,30.44,450600.0
2000-01-12,31.12,31.12,29.69,30.0,471800.0
2000-01-13,30.12,30.25,29.94,30.0,1046000.0
2000-01-14,30.12,30.25,28.5,28.87,1402600.0
2000-01-18,29.03,30.25,29.0,30.06,1920200.0
2000-01-19,30.25,30.5,29.31,30.0,1027100.0
2000-01-20,30.06,30.25,29.69,30.19,1357500.0
2000-01-21,30.37,31.31,30.25,31.0,2206200.0
2000-01-24,31.5,35.63,31.5,34.13,2574500.0
2000-01-25,34.38,34.38,33.0,33.75,1161100.0
2000-01-26,33.78,34.25,33.5,34.0,1422300.0
2000-01-27,34.25,34.38,32.63,32.88,1616200.0
2000-01-28,33.0,33.94,32.19,33.13,1236000.0
2000-01-31,32.88,33.25,30.25,31.62,970700.0
2000-02-01,31.44,32.38,31.31,31.87,1085900.0
2000-02-02,31.94,33.25,31.87,33.25,1175200.0
2000-02-03,33.44,33.75,33.06,33.06,2666500.0
2000-02-04,33.25,33.25,31.37,32.09,730500.0
2000-02-07,32.13,32.13,31.25,31.62,949200.0
2000-02-08,31.56,32.38,31.5,32.38,1040500.0
2000-02-09,32.88,33.88,32.63,33.81,2288000.0
2000-02-10,33.88,40.13,33.81,39.94,2879400.0
2000-02-11,39.38,39.5,35.38,38.97,2731600.0
2000-02-14,38.94,39.0,35.75,36.94,1256700.0
2000-02-15,37.0,37.0,34.69,35.75,1697000.0
2000-02-16,36.0,36.0,34.0,34.06,755900.0
2000-02-17,34.38,35.25,33.38,33.69,1919400.0
2000-02-18,34.13,34.13,32.38,32.75,1610600.0
2000-02-22,33.06,34.0,32.88,33.56,888900.0
2000-02-23,33.88,34.13,31.5,31.81,1781000.0
2000-02-24,32.38,32.63,31.75,32.13,1451000.0
2000-02-25,33.13,34.0,32.5,33.13,1500000.0
2000-02-28,33.56,33.88,30.25,31.37,1745600.0
2000-02-29,31.62,33.0,31.0,32.25,3442800.0
2000-03-01,33.13,33.63,32.38,33.38,6139900.0
2000-03-02,34.5,40.63,34.5,40.0,5387300.0
2000-03-03,39.88,42.63,37.88,42.44,2669800.0
2000-03-06,42.69,42.69,40.25,40.69,2229000.0
2000-03-07,40.88,41.13,39.88,40.06,3402000.0
2000-03-08,40.13,40.13,39.13,39.75,2693000.0
2000-03-09,39.88,41.19,39.5,40.81,5372400.0
2000-03-10,41.0,41.94,40.88,41.5,5832800.0
2000-03-13,40.88,42.38,39.88,41.5,3704300.0
2000-03-14,41.88,41.88,40.75,41.0,2173900.0
2000-03-15,40.69,40.75,39.38,40.06,2546400.0
2000-03-16,39.88,40.38,39.81,40.31,1027000.0
2000-03-17,40.31,42.13,39.0,40.5,2675200.0
2000-03-20,42.0,42.19,39.75,40.0,1415200.0
2000-03-21,40.38,40.38,39.5,39.75,849600.0
2000-03-22,40.38,42.19,40.0,41.88,869000.0
2000-03-23,41.81,44.75,41.5,42.25,2041200.0
2000-03-24,42.5,43.13,40.0,41.63,1149200.0
2000-03-27,42.0,42.0,39.5,39.94,980200.0
2000-03-28,39.69,39.75,37.75,38.5,851300.0
2000-03-29,39.25,39.88,37.56,37.88,686200.0
2000-03-30,37.88,37.88,35.88,36.0,1376800.0
2000-03-31,36.56,38.25,36.5,37.88,1088700.0
2000-04-03,38.25,38.25,33.38,33.5,1629600.0
2000-04-04,34.19,35.5,29.62,34.25,1524900.0
2000-04-05,33.38,36.0,33.0,35.38,1024600.0
2000-04-06,35.88,40.38,35.75,39.38,1550600.0
2000-04-07,39.13,40.25,38.5,38.5,1226700.0
2000-04-10,38.69,39.88,38.0,39.81,1294700.0
2000-04-11,39.88,39.88,36.63,36.75,1151400.0
2000-04-12,36.5,37.0,33.56,33.56,906000.0
2000-04-13,34.0,35.63,33.63,35.0,652600.0
2000-04-14,34.38,34.44,32.56,32.88,1028400.0
2000-04-17,32.19,32.78,29.25,32.25,1106900.0
2000-04-18,32.38,36.63,32.38,36.0,673000.0
2000-04-19,36.38,36.86,35.0,35.56,953700.0
2000-04-20,35.38,36.0,33.0,33.94,1569600.0
2000-04-24,33.38,33.81,31.75,33.81,771600.0
2000-04-25,34.06,34.88,33.38,33.81,168300.0
2000-04-26,34.0,39.0,33.13,37.75,1458600.0
2000-04-27,37.13,39.75,35.5,38.13,763000.0
2000-04-28,38.0,40.0,37.75,38.38,838800.0
2000-05-01,38.81,39.0,37.44,37.81,705700.0
2000-05-02,37.81,38.31,37.0,37.13,1001300.0
2000-05-03,36.75,37.81,31.75,33.0,1702600.0
2000-05-04,34.88,37.0,34.38,36.75,1046200.0
2000-05-05,37.0,37.0,34.5,34.88,982700.0
2000-05-08,35.13,35.5,32.5,33.13,622900.0
2000-05-09,33.63,34.38,30.31,31.87,826200.0
2000-05-10,32.13,32.19,30.0,30.12,614100.0
2000-05-11,30.5,30.56,27.75,29.69,870800.0
2000-05-12,29.78,30.31,29.25,29.87,1349900.0
2000-05-15,29.5,29.87,28.87,29.75,966400.0
2000-05-16,29.75,32.0,29.75,31.25,1631300.0
2000-05-17,31.0,31.06,30.12,30.62,779300.0
2000-05-18,30.53,30.62,29.5,29.75,473100.0
2000-05-19,29.75,33.0,27.69,28.16,668200.0
2000-05-22,28.37,28.5,25.25,26.56,1373000.0
2000-05-23,26.25,26.75,25.06,25.12,685400.0
2000-05-24,24.94,25.0,23.06,24.5,1788500.0
2000-05-25,24.37,26.25,23.81,24.81,1446500.0
2000-05-26,24.62,25.56,23.87,25.25,652300.0
2000-05-30,25.12,27.25,25.12,27.0,1781800.0
2000-05-31,27.19,27.5,26.19,26.19,306100.0
2000-06-01,27.0,28.87,26.5,28.0,754100.0
2000-06-02,28.62,31.0,28.5,30.75,864800.0
2000-06-05,30.25,35.63,30.12,35.63,2863500.0
2000-06-06,37.38,39.38,35.88,35.94,2624100.0
2000-06-07,36.19,36.38,34.06,36.06,533400.0
2000-06-08,36.25,37.88,33.75,33.94,767200.0
2000-06-09,34.25,35.44,34.0,35.06,494900.0
2000-06-12,35.06,35.13,34.44,35.0,524400.0
2000-06-13,35.06,35.06,34.63,35.06,881300.0
2000-06-14,35.06,35.13,34.88,35.0,714900.0
2000-06-15,35.0,35.0,33.0,34.19,1261400.0
2000-06-16,34.44,34.88,33.81,34.81,398800.0
2000-06-19,34.44,35.06,33.75,35.0,286500.0
2000-06-20,35.0,36.81,34.25,36.81,1164400.0
2000-06-21,36.25,38.0,36.25,36.63,1123800.0
2000-06-22,36.75,37.25,35.0,36.0,815100.0
2000-06-23,36.25,36.31,35.63,35.63,838800.0
2000-06-26,35.69,36.5,34.94,36.0,236600.0
2000-06-27,36.0,36.25,35.63,36.0,744400.0
2000-06-28,36.03,36.25,34.88,35.06,391900.0
2000-06-29,35.13,35.13,34.75,35.13,447700.0
2000-06-30,35.25,36.56,35.0,36.5,1113100.0
2000-07-03,35.88,37.13,35.81,36.81,273000.0
2000-07-05,37.06,37.5,36.75,37.19,598700.0
2000-07-06,37.38,37.38,35.63,36.0,277500.0
2000-07-07,36.63,37.88,36.25,37.44,840800.0
2000-07-10,37.5,38.0,37.25,37.94,261400.0
2000-07-11,37.91,39.25,37.75,38.88,1230100.0
2000-07-12,39.0,39.25,38.5,38.88,877500.0
2000-07-13,38.84,39.13,38.63,39.06,621500.0
2000-07-14,39.25,39.69,38.5,39.5,1101100.0
2000-07-17,39.06,39.25,38.0,38.38,731800.0
2000-07-18,38.31,38.38,36.88,37.25,415700.0
2000-07-19,36.0,36.19,32.75,34.0,1142800.0
2000-07-20,34.63,36.63,34.63,36.19,1613600.0
2000-07-21,36.13,36.38,34.13,34.13,687300.0
2000-07-24,34.0,34.31,32.38,33.5,1315300.0
2000-07-25,32.69,33.44,32.5,32.56,1184100.0
2000-07-26,31.25,31.5,30.12,31.44,2023600.0
2000-07-27,30.75,30.75,28.62,30.0,2590900.0
2000-07-28,29.27,35.38,29.12,33.75,10300200.0
2000-07-31,33.69,34.25,31.62,34.0,1796400.0
2000-08-01,34.13,35.5,33.25,35.25,1010100.0
2000-08-02,35.06,35.63,34.0,35.38,1484000.0
2000-08-03,35.0,36.69,33.38,36.06,1262200.0
2000-08-04,35.56,36.5,35.38,36.48,584800.0
2000-08-07,36.13,38.56,35.5,38.38,603300.0
2000-08-08,37.5,37.69,34.5,35.25,763500.0
2000-08-09,35.63,35.75,34.44,34.75,975800.0
2000-08-10,35.5,37.63,35.31,36.77,1642500.0
2000-08-11,36.81,37.31,36.38,37.19,1297500.0
2000-08-14,37.0,37.56,36.5,37.56,518500.0
2000-08-15,37.75,38.75,37.69,37.69,370900.0
2000-08-16,37.91,38.13,36.5,37.75,243500.0
2000-08-17,37.63,38.06,37.06,37.75,635000.0
2000-08-18,37.75,38.72,37.63,38.56,430000.0
2000-08-21,38.44,38.75,37.75,37.88,401000.0
2000-08-22,37.75,37.88,36.31,36.63,1131900.0
2000-08-23,36.56,36.69,36.13,36.38,549500.0
2000-08-24,36.56,36.56,36.06,36.44,339800.0
2000-08-25,36.44,36.81,36.44,36.63,753700.0
2000-08-28,36.63,36.69,35.56,36.0,590100.0
2000-08-29,36.06,36.19,35.88,36.06,356900.0
2000-08-30,36.03,36.06,35.25,35.31,1104300.0
2000-08-31,35.44,35.5,33.81,34.69,702400.0
2000-09-01,35.0,35.0,33.94,34.88,708200.0
2000-09-05,34.88,34.88,33.69,33.81,530000.0
2000-09-06,33.56,34.5,32.88,33.81,869500.0
2000-09-07,33.78,34.06,32.38,32.56,611400.0
2000-09-08,32.72,32.88,31.25,31.5,1052000.0
2000-09-11,31.5,32.23,31.5,31.81,1334900.0
2000-09-12,32.0,33.44,31.87,32.88,682500.0
2000-09-13,33.0,33.44,32.38,33.31,555900.0
2000-09-14,33.13,34.13,31.06,32.19,2049500.0
2000-09-15,32.31,32.38,29.56,30.31,1252300.0
2000-09-18,30.12,30.31,28.87,29.41,760100.0
2000-09-19,29.56,29.62,28.87,29.44,715300.0
2000-09-20,29.47,29.56,26.31,28.0,1920000.0
2000-09-21,28.25,28.44,25.37,26.0,1735800.0
2000-09-22,25.72,25.75,24.5,25.12,2910600.0
2000-09-25,25.37,28.25,25.19,28.0,2750300.0
2000-09-26,27.66,29.0,26.62,28.69,2321900.0
2000-09-27,28.78,28.81,26.44,27.5,1301800.0
2000-09-28,27.5,30.0,27.5,29.0,2433900.0
2000-09-29,29.06,31.12,28.75,31.06,1582100.0
2000-10-02,31.06,31.44,29.37,29.87,868200.0
2000-10-03,30.06,30.12,28.44,28.56,824200.0
2000-10-04,28.81,28.81,26.75,28.37,776400.0
2000-10-05,27.37,28.0,26.0,27.31,511800.0
2000-10-06,27.33,27.81,25.81,27.0,928300.0
2000-10-09,26.44,26.44,25.5,25.94,592600.0
2000-10-10,26.0,26.25,25.12,25.56,696100.0
2000-10-11,25.5,25.81,24.25,25.69,548800.0
2000-10-12,25.86,26.0,24.31,24.44,1095200.0
2000-10-13,24.44,26.0,24.12,25.69,695700.0
2000-10-16,25.94,26.75,25.5,26.44,1084300.0
2000-10-17,26.62,27.19,23.87,24.37,775100.0
2000-10-18,23.94,23.94,21.37,22.56,2529300.0
2000-10-19,23.05,24.87,23.0,24.12,1474900.0
2000-10-20,24.06,24.75,23.37,24.44,696800.0
2000-10-23,24.87,26.37,23.62,26.25,1291800.0
2000-10-24,26.31,27.62,26.23,27.19,1168100.0
2000-10-25,26.87,27.37,24.81,25.25,574700.0
2000-10-26,25.62,25.94,23.25,25.23,742100.0
2000-10-27,25.81,29.25,25.75,28.5,1386600.0
2000-10-30,28.75,28.75,28.0,28.19,675400.0
2000-10-31,28.37,30.62,28.0,30.31,1508600.0
2000-11-01,29.53,30.06,29.06,29.94,1257900.0
2000-11-02,30.09,30.5,29.62,30.31,1415200.0
2000-11-03,30.19,30.37,29.94,30.25,739100.0
2000-11-06,30.0,31.56,29.87,30.87,720400.0
2000-11-07,30.87,31.75,30.37,31.0,914600.0
2000-11-08,31.25,31.31,30.06,30.44,570500.0
2000-11-09,30.22,30.25,28.81,29.44,787300.0
2000-11-10,29.31,29.56,28.69,28.81,326600.0
2000-11-13,28.69,28.7,25.94,27.56,713300.0
2000-11-14,28.75,31.06,28.62,29.87,712400.0
2000-11-15,30.37,31.06,29.5,30.87,603300.0
2000-11-16,32.25,32.25,30.69,31.0,1158100.0
2000-11-17,31.41,31.5,26.62,29.0,1664800.0
2000-11-20,28.94,29.0,27.0,27.69,729100.0
2000-11-21,27.94,27.94,25.87,26.31,482500.0
2000-11-22,25.87,26.53,24.08,24.5,852500.0
2000-11-24,24.69,26.12,24.62,25.12,579100.0
2000-11-27,26.0,27.12,25.87,26.62,1070200.0
2000-11-28,26.08,26.62,24.5,24.75,1077500.0
2000-11-29,25.2,25.25,23.12,23.87,910500.0
2000-11-30,23.75,24.5,23.06,23.81,1890400.0
2000-12-01,24.44,25.0,23.75,24.0,2107700.0
2000-12-04,24.31,24.37,22.5,22.94,1069300.0
2000-12-05,23.75,24.62,23.62,24.5,2081200.0
2000-12-06,24.37,24.75,24.0,24.06,890700.0
2000-12-07,21.87,23.25,21.81,22.44,349300.0
2000-12-08,23.69,29.37,23.69,28.69,2534700.0
2000-12-11,27.97,28.0,26.87,27.19,706800.0
2000-12-12,27.22,27.25,26.31,26.44,331000.0
2000-12-13,27.25,27.56,25.62,26.69,784300.0
2000-12-14,27.06,27.12,26.12,26.5,628900.0
2000-12-15,26.48,26.5,24.5,25.5,599700.0
2000-12-18,25.37,25.94,23.75,24.81,441100.0
2000-12-19,25.0,25.37,22.62,23.0,960300.0
2000-12-20,22.5,23.69,21.87,23.37,1260600.0
2000-12-21,23.5,23.75,22.0,22.69,1912700.0
2000-12-22,23.94,27.0,23.19,26.87,1547400.0
2000-12-26,26.62,26.62,26.0,26.06,860100.0
2000-12-27,26.0,26.25,25.12,26.06,483700.0
2000-12-28,26.19,27.31,25.87,26.37,877300.0
2000-12-29,26.53,28.25,26.5,27.06,1041000.0
2001-01-02,27.12,27.12,25.0,25.62,416900.0
2001-01-03,25.02,28.37,24.19,28.06,1885200.0
2001-01-04,28.06,29.56,27.25,29.5,1067000.0
2001-01-05,29.22,29.25,25.62,26.06,2291700.0
2001-01-08,26.3,27.0,25.5,26.69,336800.0
2001-01-09,27.06,27.81,26.81,27.62,623500.0
2001-01-10,27.73,27.75,27.0,27.5,1060400.0
2001-01-11,27.45,30.12,27.25,29.62,2675700.0
2001-01-12,27.19,27.62,26.06,26.75,5842200.0
2001-01-16,26.81,26.87,25.06,26.0,2417100.0
2001-01-17,26.31,27.0,26.31,26.5,1561900.0
2001-01-18,26.94,27.0,25.62,26.5,872800.0
2001-01-19,26.61,26.87,26.19,26.69,742300.0
2001-01-22,26.56,27.0,26.37,26.37,796800.0
2001-01-23,26.62,27.37,26.37,27.25,1830600.0
2001-01-24,27.44,27.5,26.75,27.0,1057000.0
2001-01-25,27.0,27.19,26.56,27.06,2055200.0
2001-01-26,26.56,28.87,26.5,28.81,2071500.0
2001-01-29,28.81,29.69,28.62,29.5,2658500.0
2001-01-30,29.81,29.87,29.06,29.44,1285400.0
2001-01-31,29.62,29.69,27.25,27.94,1285300.0
2001-02-01,28.19,28.75,27.69,28.62,1231100.0
2001-02-02,28.56,28.56,27.56,27.94,1330500.0
2001-02-05,27.94,27.97,26.37,26.5,1602700.0
2001-02-06,26.41,27.87,26.25,26.94,1903000.0
2001-02-07,26.69,28.87,26.62,28.25,1314000.0
2001-02-08,28.25,28.94,27.31,27.62,957400.0
2001-02-09,27.44,27.5,24.44,25.5,2839600.0
2001-02-12,25.5,26.81,25.19,26.5,598800.0
2001-02-13,26.62,27.12,26.56,26.94,1289300.0
2001-02-14,27.0,27.19,26.25,26.56,949900.0
2001-02-15,27.06,27.06,25.25,25.56,1831500.0
2001-02-16,25.25,26.75,24.25,26.25,1834500.0
2001-02-20,26.25,26.62,23.0,23.94,1390500.0
2001-02-21,23.69,24.37,23.37,24.31,1180300.0
2001-02-22,24.19,24.87,22.62,24.69,1152100.0
2001-02-23,25.0,25.19,23.0,24.31,1337100.0
2001-02-26,24.5,25.44,24.25,25.44,728500.0
2001-02-27,25.41,25.44,24.31,25.0,670800.0
2001-02-28,25.19,25.44,24.5,25.12,848600.0
2001-03-01,25.0,25.44,24.37,24.94,957300.0
2001-03-02,24.75,25.5,23.62,25.0,1486500.0
2001-03-05,24.94,25.19,24.12,25.0,883000.0
2001-03-06,25.25,25.56,24.94,25.31,887100.0
2001-03-07,25.56,25.56,24.25,24.87,937900.0
2001-03-08,24.62,24.87,23.81,23.81,549700.0
2001-03-09,23.89,24.0,22.5,23.31,659000.0
2001-03-12,22.81,22.87,20.44,20.62,2534500.0
2001-03-13,20.19,20.94,17.81,18.87,4471600.0
2001-03-14,18.56,18.94,16.31,16.94,4585900.0
2001-03-15,17.44,18.06,16.66,17.0,2900700.0
2001-03-16,17.06,17.25,16.25,16.62,1863900.0
2001-03-19,16.69,17.5,16.0,17.37,1073100.0
2001-03-20,17.44,17.56,16.37,16.62,1083000.0
2001-03-21,16.69,17.0,15.0,15.0,1024300.0
2001-03-22,15.19,15.31,13.88,14.56,1385000.0
2001-03-23,14.81,15.56,14.56,15.13,1112400.0
2001-03-26,15.72,16.12,15.0,15.25,532700.0
2001-03-27,15.44,17.5,15.19,17.31,1279500.0
2001-03-28,17.12,17.31,15.5,15.75,3041900.0
2001-03-29,15.69,16.5,15.5,15.5,1229400.0
2001-03-30,15.81,15.81,13.88,14.81,2698100.0
2001-04-02,15.0,15.0,13.5,14.13,1319600.0
2001-04-03,12.31,13.38,11.5,11.94,4335200.0
2001-04-04,11.63,12.81,11.19,12.31,2280600.0
2001-04-05,12.75,14.56,12.56,14.56,1665800.0
2001-04-06,14.55,14.56,13.63,14.0,1013100.0
2001-04-09,14.09,15.06,14.05,15.01,1086600.0
2001-04-10,15.92,18.4,15.5,18.15,1228600.0
2001-04-11,19.25,20.75,18.67,19.26,2603400.0
2001-04-12,19.25,20.12,19.0,19.99,1735300.0
2001-04-16,19.98,20.0,19.0,19.0,576200.0
2001-04-17,19.3,20.22,18.8,20.14,1154400.0
2001-04-18,20.6,23.9,20.46,22.87,2362900.0
2001-04-19,22.5,23.65,22.4,23.46,993500.0
2001-04-20,23.39,23.45,21.46,22.49,1158600.0
2001-04-23,22.3,22.45,20.7,21.3,311600.0
2001-04-24,21.5,21.5,20.41,20.43,624800.0
2001-04-25,20.5,21.5,20.5,21.5,234100.0
2001-04-26,21.4,22.6,21.4,22.56,420300.0
2001-04-27,22.36,23.75,22.35,23.56,352900.0
2001-04-30,23.81,25.76,23.65,24.49,951300.0
2001-05-01,24.5,24.5,23.16,23.75,659800.0
2001-05-02,24.0,24.07,23.7,23.74,826500.0
2001-05-03,23.6,23.6,22.67,22.82,395200.0
2001-05-04,22.4,22.5,21.52,22.4,688400.0
2001-05-07,22.65,22.75,21.85,21.85,258900.0
2001-05-08,21.4,21.41,19.55,20.2,1023300.0
2001-05-09,20.25,20.27,19.6,20.19,463400.0
2001-05-10,20.28,20.39,19.02,19.4,497100.0
2001-05-11,19.4,19.4,18.6,18.98,632100.0
2001-05-14,19.15,19.15,18.3,18.75,423400.0
2001-05-15,18.75,18.89,18.0,18.38,394200.0
2001-05-16,18.95,18.98,17.92,18.5,641900.0
2001-05-17,18.8,19.1,18.61,18.62,2986600.0
2001-05-18,18.75,18.88,17.6,17.75,1371200.0
2001-05-21,18.0,18.0,17.1,17.45,1570000.0
2001-05-22,17.45,17.75,17.3,17.6,840100.0
2001-05-23,17.5,17.5,17.0,17.0,462800.0
2001-05-24,17.0,17.45,17.0,17.25,503700.0
2001-05-25,17.25,17.5,17.02,17.03,304800.0
2001-05-29,17.1,17.17,16.35,16.35,288600.0
2001-05-30,16.1,16.24,15.75,16.04,1492800.0
2001-05-31,16.2,16.64,16.15,16.6,469500.0
2001-06-01,16.5,16.5,16.0,16.05,304100.0
2001-06-04,16.25,16.45,16.0,16.28,535300.0
2001-06-05,16.45,16.5,16.05,16.28,917400.0
2001-06-06,16.43,16.54,16.1,16.3,566300.0
2001-06-07,16.27,16.6,16.21,16.6,1040700.0
2001-06-08,16.75,16.84,16.5,16.56,184300.0
2001-06-11,16.45,16.68,16.26,16.55,985500.0
2001-06-12,16.37,16.38,15.6,15.9,890200.0
2001-06-13,15.9,16.36,15.81,15.82,292600.0
2001-06-14,15.82,15.82,14.0,15.0,808100.0
2001-06-15,15.0,15.09,13.92,14.3,410600.0
2001-06-18,14.3,14.36,13.2,13.75,410700.0
2001-06-19,14.65,14.65,13.2,13.4,726800.0
2001-06-20,13.41,14.39,13.39,14.39,852500.0
2001-06-21,14.15,14.3,13.5,14.21,631400.0
2001-06-22,14.21,14.3,13.7,13.98,261000.0
2001-06-25,13.98,14.5,13.95,14.2,335100.0
2001-06-26,14.1,14.55,13.7,14.4,1089200.0
2001-06-27,14.3,14.45,13.92,14.05,274600.0
2001-06-28,14.1,14.97,14.1,14.9,2657200.0
2001-06-29,15.0,16.4,14.92,16.4,2023700.0
2001-07-02,16.15,16.15,15.75,15.95,745000.0
2001-07-03,15.75,15.99,15.2,15.83,207900.0
2001-07-05,15.75,15.78,15.29,15.41,374200.0
2001-07-06,15.16,15.17,14.5,14.5,1319700.0
2001-07-09,14.51,15.0,14.26,14.64,364100.0
2001-07-10,14.65,14.99,13.98,14.08,335600.0
2001-07-11,13.78,13.78,13.15,13.3,550700.0
2001-07-12,13.75,14.0,13.35,13.59,720500.0
2001-07-13,13.65,14.25,13.5,14.25,281500.0
2001-07-16,14.0,14.25,13.05,13.16,569400.0
2001-07-17,13.16,13.3,13.01,13.06,347800.0
2001-07-18,13.06,13.2,12.62,12.72,409900.0
2001-07-19,12.55,12.55,9.75,10.55,4185700.0
2001-07-20,10.8,11.09,10.6,10.99,1342300.0
2001-07-23,10.99,11.09,10.45,10.45,623700.0
2001-07-24,10.45,10.45,9.94,9.95,3006900.0
2001-07-25,9.98,10.3,9.66,9.86,984400.0
2001-07-26,9.93,10.0,9.69,9.87,671200.0
2001-07-27,9.95,9.96,9.6,9.68,643700.0
2001-07-30,9.78,10.0,9.75,9.89,813700.0
2001-07-31,9.9,9.99,9.75,9.75,765500.0
2001-08-01,9.75,9.75,8.49,8.5,2777800.0
2001-08-02,8.8,9.35,8.8,9.25,2788300.0
2001-08-03,9.15,9.56,9.02,9.51,1290000.0
2001-08-06,9.48,9.7,9.26,9.7,679800.0
2001-08-07,9.6,9.77,9.45,9.55,401000.0
2001-08-08,9.5,10.29,9.25,9.74,1873100.0
2001-08-09,9.74,10.0,9.3,9.44,797500.0
2001-08-10,9.5,9.83,9.05,9.65,756400.0
2001-08-13,9.65,9.65,9.2,9.59,647200.0
2001-08-14,9.67,9.78,9.35,9.4,373800.0
2001-08-15,9.6,9.6,8.7,8.75,2684900.0
2001-08-16,8.75,8.75,8.15,8.2,2571900.0
2001-08-17,8.07,8.2,7.93,8.0,1848900.0
2001-08-20,8.0,8.0,7.5,7.7,1865100.0
2001-08-21,7.95,7.95,7.5,7.51,1426100.0
2001-08-22,7.6,7.72,7.4,7.57,1067300.0
2001-08-23,7.67,8.4,7.61,8.36,3549800.0
2001-08-24,8.35,9.08,8.35,9.08,3164400.0
2001-08-27,9.12,10.36,9.08,10.34,3442600.0
2001-08-28,10.45,10.55,9.96,10.0,1830000.0
2001-08-29,10.4,10.6,9.95,10.0,1337500.0
2001-08-30,10.0,10.11,9.83,9.91,868500.0
2001-08-31,9.91,10.19,9.9,10.19,490400.0
2001-09-04,10.19,10.19,9.8,9.85,1052000.0
2001-09-05,9.75,9.84,8.52,8.9,1380600.0
2001-09-06,8.95,9.0,7.91,8.3,1797300.0
2001-09-07,8.1,8.9,7.9,8.85,716000.0
2001-09-10,8.85,9.35,8.47,9.0,866900.0
2001-09-17,9.0,9.9,8.75,9.0,2020400.0
2001-09-18,9.25,9.7,9.12,9.14,1238200.0
2001-09-19,9.66,9.66,8.0,8.7,983300.0
2001-09-20,8.95,8.95,8.12,8.24,651400.0
2001-09-21,8.95,8.95,7.4,8.4,1087500.0
2001-09-24,8.9,8.95,8.3,8.9,709900.0
2001-09-25,8.9,9.18,8.44,8.7,663500.0
2001-09-26,8.8,8.85,7.99,8.04,622300.0
2001-09-27,8.14,8.15,7.61,7.91,1049600.0
2001-09-28,8.0,9.0,7.99,9.0,987300.0
2001-10-01,8.9,8.9,8.14,8.88,784100.0
2001-10-02,8.88,9.4,8.87,9.4,1291600.0
2001-10-03,9.24,9.24,8.9,9.14,2631500.0
2001-10-04,10.12,10.12,8.88,9.81,3038800.0
2001-10-05,9.73,9.73,9.25,9.58,519300.0
2001-10-08,9.71,9.71,9.2,9.3,590200.0
2001-10-09,10.15,10.15,9.2,10.01,900400.0
2001-10-10,10.01,10.71,10.0,10.56,1263900.0
2001-10-11,10.75,12.1,10.75,11.8,2275500.0
2001-10-12,11.5,11.51,10.5,11.02,1594400.0
2001-10-15,10.92,10.94,10.34,10.5,1082600.0
2001-10-16,10.5,10.82,10.16,10.75,1058200.0
2001-10-17,10.9,11.25,10.6,10.8,1162000.0
2001-10-18,10.8,11.08,10.8,10.99,802500.0
2001-10-19,10.99,11.81,10.91,11.71,1678100.0
2001-10-22,11.71,11.71,11.3,11.65,1146200.0
2001-10-23,11.55,11.98,11.46,11.58,781300.0
2001-10-24,11.74,11.74,11.21,11.37,1307400.0
2001-10-25,11.3,11.48,11.1,11.45,612700.0
2001-10-26,11.5,12.45,11.45,12.15,1309100.0
2001-10-29,12.05,12.5,11.9,11.95,597900.0
2001-10-30,11.91,11.91,11.15,11.27,754100.0
2001-10-31,11.37,11.91,11.37,11.7,1060300.0
2001-11-01,11.7,11.85,11.5,11.74,1663100.0
2001-11-02,11.75,12.23,11.68,12.02,1301100.0
2001-11-05,12.1,12.18,11.93,11.97,1069200.0
2001-11-06,11.95,11.95,10.7,11.0,4053900.0
2001-11-07,11.05,11.05,10.0,10.44,2310300.0
2001-11-08,10.5,10.8,10.35,10.35,1685900.0
2001-11-09,10.45,10.63,10.25,10.25,448600.0
2001-11-12,10.25,10.25,9.9,10.0,748800.0
2001-11-13,10.1,10.66,10.01,10.61,843200.0
2001-11-14,10.65,11.02,10.55,11.02,838000.0
2001-11-15,11.0,11.29,10.55,11.14,674400.0
2001-11-16,11.23,11.55,11.18,11.52,996400.0
2001-11-19,11.52,12.35,11.52,12.15,790300.0
2001-11-20,12.16,12.25,11.85,11.91,1086700.0
2001-11-21,12.04,12.04,11.15,11.38,717200.0
2001-11-23,11.77,11.77,11.44,11.64,109600.0
2001-11-26,11.64,11.75,11.44,11.6,765500.0
2001-11-27,11.6,12.3,11.58,12.0,1217700.0
2001-11-28,11.9,11.9,11.3,11.4,755900.0
2001-11-29,11.3,11.46,11.13,11.4,508400.0
2001-11-30,11.4,11.4,10.87,10.89,3146200.0
2001-12-03,10.78,10.78,10.26,10.6,920600.0
2001-12-04,10.6,10.74,10.48,10.74,834300.0
2001-12-05,10.8,11.2,10.8,11.0,736200.0
2001-12-06,11.12,11.12,10.8,10.85,531500.0
2001-12-07,10.84,10.84,10.2,10.26,708100.0
2001-12-10,10.26,10.26,9.75,9.97,1452900.0
2001-12-11,9.8,10.0,9.5,9.62,1012600.0
2001-12-12,9.52,9.6,8.9,9.1,1496200.0
2001-12-13,9.0,9.5,8.95,9.29,949700.0
2001-12-14,9.29,9.5,9.2,9.4,2431400.0
2001-12-17,9.35,10.05,9.2,10.05,2971500.0
2001-12-18,10.0,10.45,10.0,10.35,2484000.0
2001-12-19,10.2,10.21,9.77,9.85,1136000.0
2001-12-20,9.86,10.09,9.8,10.01,1280100.0
2001-12-21,10.01,10.09,9.3,9.6,1444600.0
2001-12-24,9.7,9.95,9.7,9.85,513400.0
2001-12-26,9.95,10.36,9.95,10.12,848000.0
2001-12-27,10.2,10.52,10.15,10.35,1470600.0
2001-12-28,10.36,10.74,10.35,10.71,1241100.0
2001-12-31,10.75,10.84,10.55,10.68,821000.0
2002-01-02,10.7,11.0,10.6,11.0,486900.0
2002-01-03,11.5,11.5,11.01,11.49,1056800.0
2002-01-04,11.55,11.55,11.15,11.15,1339800.0
2002-01-07,11.2,11.25,10.61,10.83,659800.0
2002-01-08,10.8,10.95,9.97,10.04,1884300.0
2002-01-09,10.2,10.29,9.74,9.81,2091800.0
2002-01-10,9.8,9.8,8.9,9.0,1742100.0
2002-01-11,9.15,9.34,9.05,9.2,1813200.0
2002-01-14,9.35,9.44,8.8,8.9,833800.0
2002-01-15,8.93,9.09,8.7,8.9,1466400.0
2002-01-16,8.8,8.9,8.3,8.3,5351700.0
2002-01-17,8.4,8.49,7.9,7.9,1559500.0
2002-01-18,7.65,7.8,6.7,6.98,2997600.0
2002-01-22,6.95,7.0,5.9,6.43,10996100.0
2002-01-23,7.44,7.44,6.4,7.43,3412700.0
2002-01-24,7.43,8.0,7.42,7.79,2940900.0
2002-01-25,7.75,7.95,7.56,7.79,3251700.0
2002-01-28,7.85,7.85,7.41,7.62,1582900.0
2002-01-29,7.6,7.61,7.0,7.2,5187000.0
2002-01-30,7.2,7.25,6.74,7.07,2252400.0
2002-01-31,7.14,7.27,7.1,7.27,999900.0
2002-02-01,7.32,7.32,6.85,7.06,732400.0
2002-02-04,6.96,6.98,6.5,6.6,972000.0
2002-02-05,6.3,6.4,5.85,5.85,2089900.0
2002-02-06,5.95,6.15,5.1,5.9,2049200.0
2002-02-07,5.89,6.55,5.75,6.51,1356800.0
2002-02-08,6.45,6.51,6.15,6.5,609700.0
2002-02-11,6.5,7.45,6.5,7.38,832100.0
2002-02-12,7.3,7.68,7.0,7.06,788000.0
2002-02-13,7.16,7.3,6.93,7.02,671300.0
2002-02-14,7.0,7.21,6.0,6.15,2622500.0
2002-02-15,6.25,6.25,5.84,6.0,2560200.0
2002-02-19,6.16,6.16,5.7,5.9,1834800.0
2002-02-20,6.18,6.18,5.8,6.06,907500.0
2002-02-21,6.15,6.15,5.64,5.7,2012300.0
2002-02-22,5.6,5.6,5.17,5.58,631000.0
2002-02-25,5.6,5.89,5.25,5.86,1474100.0
2002-02-26,5.9,6.09,5.85,5.98,1051600.0
2002-02-27,6.08,6.39,6.0,6.3,1945200.0
2002-02-28,6.31,6.31,6.1,6.21,1368900.0
2002-03-01,6.4,8.36,6.35,7.9,3170000.0
2002-03-04,7.91,8.1,7.62,7.72,1437500.0
2002-03-05,7.62,7.62,7.21,7.59,2072100.0
2002-03-06,7.64,8.94,7.64,8.71,1935200.0
2002-03-07,10.0,10.04,8.85,8.95,3186200.0
2002-03-08,8.95,9.3,8.5,8.72,1225300.0
2002-03-11,8.73,9.1,8.66,8.99,1575700.0
2002-03-12,8.75,8.75,8.09,8.35,1055200.0
2002-03-13,8.34,8.34,7.75,8.0,1225400.0
2002-03-14,8.09,8.09,7.75,7.99,1812700.0
2002-03-15,7.85,7.92,7.6,7.6,1448700.0
2002-03-18,7.65,7.8,7.38,7.51,2703400.0
2002-03-19,7.5,7.5,7.01,7.05,1247100.0
2002-03-20,7.0,7.11,6.6,7.0,2712000.0
2002-03-21,7.03,7.03,6.79,6.92,1103600.0
2002-03-22,7.0,7.12,6.66,6.95,1706500.0
2002-03-25,7.03,7.03,6.72,6.76,1660900.0
2002-03-26,6.7,6.88,6.3,6.41,1651900.0
2002-03-27,6.48,6.48,6.22,6.38,1500800.0
2002-03-28,6.37,6.73,6.3,6.61,955600.0
2002-04-01,6.69,6.69,6.22,6.31,956800.0
2002-04-02,6.25,6.44,6.1,6.1,1087600.0
2002-04-03,6.11,6.25,5.8,5.85,2392400.0
2002-04-04,5.9,5.9,5.7,5.76,1065400.0
2002-04-05,5.88,6.06,5.75,5.75,1505000.0
2002-04-08,5.7,5.71,5.53,5.67,712600.0
2002-04-09,5.77,5.86,5.7,5.8,1293200.0
2002-04-10,5.86,5.9,5.59,5.64,2050000.0
2002-04-11,5.63,5.63,5.23,5.25,2848900.0
2002-04-12,5.26,5.99,5.26,5.95,4067700.0
2002-04-15,5.96,6.1,5.75,6.01,1407000.0
2002-04-16,6.25,6.83,6.24,6.75,3857400.0
2002-04-17,7.0,7.19,6.8,7.03,1567600.0
2002-04-18,7.04,7.04,6.57,6.87,1655700.0
2002-04-19,6.88,7.08,6.85,7.0,1945700.0
2002-04-22,6.79,6.79,6.45,6.57,1164400.0
2002-04-23,6.56,6.83,6.56,6.77,1326000.0
2002-04-24,6.78,6.95,6.72,6.85,1636700.0
2002-04-25,6.86,6.89,6.74,6.8,1099000.0
2002-04-26,6.8,6.85,6.64,6.75,1550100.0
2002-04-29,6.75,6.85,6.62,6.76,955400.0
2002-04-30,6.76,7.3,6.76,7.3,4094200.0
2002-05-01,7.25,7.26,6.8,6.85,2906600.0
2002-05-02,6.62,6.64,6.05,6.1,2859500.0
2002-05-03,6.1,6.25,5.88,6.0,3912100.0
2002-05-06,6.0,6.22,5.83,5.83,1340100.0
2002-05-07,5.83,5.85,5.39,5.59,1404500.0
2002-05-08,5.68,5.97,5.62,5.8,3241500.0
2002-05-09,5.75,5.76,4.82,4.86,7638800.0
2002-05-10,4.95,4.96,4.05,4.54,5364500.0
2002-05-13,4.55,4.76,4.41,4.64,946400.0
2002-05-14,4.75,4.88,4.61,4.74,1185000.0
2002-05-15,4.74,4.94,4.65,4.87,3063300.0
2002-05-16,4.87,4.87,4.53,4.56,1743400.0
2002-05-17,4.59,4.85,4.56,4.85,1264100.0
2002-05-20,4.7,4.9,4.65,4.79,361400.0
2002-05-21,4.79,5.05,4.7,4.84,1468800.0
2002-05-22,4.75,4.89,4.65,4.83,943900.0
2002-05-23,4.83,4.87,4.7,4.75,683900.0
2002-05-24,4.72,4.8,4.65,4.68,500500.0
2002-05-28,4.68,4.75,4.66,4.75,374000.0
2002-05-29,4.75,4.75,4.4,4.46,2834900.0
2002-05-30,4.3,4.66,4.3,4.55,1241200.0
2002-05-31,4.9,4.9,4.45,4.5,2498800.0
2002-06-03,4.45,4.49,4.28,4.39,471000.0
2002-06-04,4.35,4.49,4.3,4.43,354300.0
2002-06-05,4.42,4.42,4.2,4.2,1636500.0
2002-06-06,4.2,4.24,3.8,4.2,1544000.0
2002-06-07,3.95,4.2,3.93,4.2,733200.0
2002-06-10,4.2,4.25,4.06,4.14,899600.0
2002-06-11,4.15,4.25,4.0,4.0,462500.0
2002-06-12,4.01,4.15,4.0,4.14,1342800.0
2002-06-13,4.15,4.6,4.1,4.44,862300.0
2002-06-14,4.18,4.21,3.62,4.04,3131200.0
2002-06-17,4.2,4.38,4.1,4.31,1416300.0
2002-06-18,4.29,4.43,4.09,4.09,2390400.0
2002-06-19,4.09,4.21,4.03,4.09,3211900.0
2002-06-20,4.09,4.25,4.0,4.15,2264400.0
2002-06-21,4.15,4.29,4.1,4.1,2708500.0
2002-06-24,4.2,4.2,3.95,4.05,2137800.0
2002-06-25,4.0,4.22,4.0,4.18,5172000.0
2002-06-26,3.9,4.02,3.85,3.96,3187800.0
2002-06-27,3.95,4.19,3.9,4.04,10338000.0
2002-06-28,4.03,4.08,3.85,3.93,3081000.0
2002-07-01,3.94,3.96,3.59,3.61,1451400.0
2002-07-02,3.7,3.77,3.11,3.75,2205600.0
2002-07-03,3.75,3.75,3.49,3.69,647400.0
2002-07-05,3.78,3.9,3.76,3.8,270700.0
2002-07-08,3.6,3.9,3.6,3.68,613900.0
2002-07-09,3.68,3.75,3.52,3.52,720200.0
2002-07-10,3.7,3.7,3.37,3.37,678200.0
2002-07-11,3.3,3.6,3.1,3.4,532000.0
2002-07-12,3.45,3.57,3.18,3.35,698900.0
2002-07-15,3.28,3.4,3.1,3.4,591000.0
2002-07-16,3.55,3.95,3.5,3.58,1509400.0
2002-07-17,3.7,4.05,3.52,3.6,1831400.0
2002-07-18,3.6,3.65,3.28,3.28,833800.0
2002-07-19,3.28,3.32,2.9,3.1,3543200.0
2002-07-22,3.0,3.16,2.98,3.02,1600500.0
2002-07-23,3.02,3.1,2.7,2.77,1892000.0
2002-07-24,2.75,2.75,2.4,2.55,7546200.0
2002-07-25,2.55,2.56,2.3,2.35,3071200.0
2002-07-26,2.27,2.9,2.26,2.8,1130600.0
2002-07-29,2.85,3.0,2.65,2.8,1063000.0
2002-07-30,2.8,2.8,2.51,2.63,837000.0
2002-07-31,2.5,2.65,2.3,2.3,909700.0
2002-08-01,2.35,2.5,2.31,2.35,770800.0
2002-08-02,2.2,2.35,2.18,2.18,1285700.0
2002-08-05,2.2,2.22,2.0,2.08,787400.0
2002-08-06,2.18,2.3,2.1,2.23,910600.0
2002-08-07,2.2,2.2,1.83,1.98,2309200.0
2002-08-08,2.0,2.18,1.85,1.88,2024900.0
2002-08-09,1.5,1.51,1.07,1.15,12843900.0
2002-08-12,1.22,1.23,1.0,1.02,8323500.0
2002-08-13,1.03,1.22,1.02,1.2,6185800.0
2002-08-14,1.22,1.31,1.16,1.21,2448900.0
2002-08-15,1.3,1.35,1.22,1.28,2079700.0
2002-08-16,1.3,1.47,1.3,1.47,2239600.0
2002-08-19,1.5,2.0,1.49,1.74,2975900.0
2002-08-20,1.84,1.85,1.6,1.64,1819400.0
2002-08-21,1.71,2.01,1.65,1.97,2709200.0
2002-08-22,1.99,2.44,1.97,2.25,1886500.0
2002-08-23,2.26,2.3,2.18,2.2,1182800.0
2002-08-26,2.3,2.32,2.05,2.25,851900.0
2002-08-27,2.29,2.3,2.15,2.15,1192300.0
2002-08-28,2.15,2.2,2.1,2.11,467100.0
2002-08-29,2.15,2.35,2.08,2.12,813000.0
2002-08-30,2.16,2.39,2.16,2.3,579500.0
2002-09-03,2.3,2.65,2.25,2.5,1710900.0
2002-09-04,2.55,2.74,2.25,2.6,1146800.0
2002-09-05,2.53,2.59,2.45,2.52,1019300.0
2002-09-06,2.62,2.64,2.48,2.55,537300.0
2002-09-09,2.56,2.69,2.3,2.6,983900.0
2002-09-10,2.6,2.6,2.42,2.48,716700.0
2002-09-11,2.48,2.58,2.43,2.48,734800.0
2002-09-12,2.5,2.57,2.47,2.47,623000.0
2002-09-13,2.47,2.56,2.45,2.5,290200.0
2002-09-16,2.5,2.57,2.43,2.49,404300.0
2002-09-17,2.5,2.55,2.27,2.3,764400.0
2002-09-18,2.31,2.44,2.21,2.31,395600.0
2002-09-19,2.29,2.42,2.14,2.4,469800.0
2002-09-20,2.4,2.4,2.25,2.32,601800.0
2002-09-23,2.35,2.35,1.9,2.13,817300.0
2002-09-24,2.08,2.08,1.86,1.89,963400.0
2002-09-25,1.99,2.11,1.96,2.11,963700.0
2002-09-26,2.17,2.38,2.15,2.37,639600.0
2002-09-27,2.35,2.48,2.15,2.24,295200.0
2002-09-30,2.25,2.25,2.05,2.17,640200.0
2002-10-01,2.17,2.21,2.05,2.14,391100.0
2002-10-02,2.1,2.23,2.05,2.09,515300.0
2002-10-03,2.1,2.24,2.03,2.03,561600.0
2002-10-04,2.04,2.12,1.93,1.93,1034400.0
2002-10-07,1.95,2.0,1.86,1.96,955400.0
2002-10-08,2.0,2.03,1.91,2.01,951300.0
2002-10-09,2.01,2.02,1.75,1.75,1702500.0
2002-10-10,1.68,1.93,1.68,1.8,610500.0
2002-10-11,1.85,2.01,1.85,1.94,761300.0
2002-10-14,1.91,1.95,1.83,1.9,269400.0
2002-10-15,1.98,2.19,1.98,2.01,617600.0
2002-10-16,2.05,2.14,1.95,2.0,248800.0
2002-10-17,2.1,2.1,2.02,2.1,285300.0
2002-10-18,2.1,2.15,2.05,2.1,270900.0
2002-10-21,2.14,2.14,1.95,2.12,372300.0
2002-10-22,2.07,2.15,2.0,2.08,461400.0
2002-10-23,2.06,2.14,2.04,2.05,289700.0
2002-10-24,2.18,2.75,2.15,2.69,971500.0
2002-10-25,2.72,2.9,2.58,2.85,931600.0
2002-10-28,2.77,2.89,2.55,2.71,890800.0
2002-10-29,2.71,2.85,2.67,2.85,1057600.0
2002-10-30,2.88,3.55,2.87,3.4,2309300.0
2002-10-31,3.3,3.59,3.29,3.5,1179500.0
2002-11-01,3.48,4.0,3.19,3.86,1154800.0
2002-11-04,4.05,4.1,3.3,3.4,955100.0
2002-11-05,3.3,3.47,3.16,3.25,548500.0
2002-11-06,3.31,3.41,3.2,3.34,658800.0
2002-11-07,3.26,3.49,3.26,3.49,482200.0
2002-11-08,3.49,3.5,3.15,3.28,345600.0
2002-11-11,3.18,3.3,2.95,3.07,298900.0
2002-11-12,3.17,3.36,3.06,3.36,245200.0
2002-11-13,3.26,3.34,3.14,3.22,163300.0
2002-11-14,3.29,3.35,3.26,3.3,970600.0
2002-11-15,3.5,3.65,3.43,3.59,1515300.0
2002-11-18,3.75,3.92,3.72,3.81,1212600.0
2002-11-19,3.79,3.95,3.51,3.81,803000.0
2002-11-20,3.85,3.95,3.65,3.7,1740400.0
2002-11-21,3.7,3.73,3.61,3.65,1230900.0
2002-11-22,3.55,3.9,3.4,3.5,1829200.0
2002-11-25,3.56,3.8,3.51,3.6,2111100.0
2002-11-26,3.64,3.7,3.32,3.7,1566400.0
2002-11-27,3.78,4.07,3.75,4.0,2225800.0
2002-11-29,4.07,4.07,3.91,3.96,574900.0
2002-12-02,4.05,4.38,4.05,4.35,2061500.0
2002-12-03,4.3,4.3,3.86,4.05,903200.0
2002-12-04,4.01,4.04,3.73,3.88,1870300.0
2002-12-05,3.92,3.95,3.32,3.41,777700.0
2002-12-06,3.31,3.46,3.25,3.4,3385200.0
2002-12-09,3.38,3.42,3.2,3.34,897400.0
2002-12-10,3.38,3.51,3.31,3.38,1147800.0
2002-12-11,3.4,3.45,3.19,3.36,707700.0
2002-12-12,3.4,3.58,3.34,3.5,918100.0
2002-12-13,3.5,3.5,3.32,3.35,533000.0
2002-12-16,3.32,3.35,3.05,3.1,1607100.0
2002-12-17,3.1,3.4,3.05,3.35,1014100.0
2002-12-18,3.33,3.4,3.23,3.35,588200.0
2002-12-19,3.35,3.35,3.1,3.1,507200.0
2002-12-20,3.2,3.34,3.16,3.25,497100.0
2002-12-23,3.22,3.46,3.14,3.4,464900.0
2002-12-24,3.35,3.48,3.2,3.25,390200.0
2002-12-26,3.25,3.6,3.25,3.45,2216100.0
2002-12-27,3.55,3.55,3.35,3.4,480900.0
2002-12-30,3.25,3.44,3.25,3.37,612700.0
2002-12-31,3.38,3.8,3.35,3.75,1745000.0
2003-01-02,3.8,3.85,3.56,3.75,617100.0
2003-01-03,3.8,3.86,3.6,3.8,576200.0
2003-01-06,3.85,4.14,3.84,4.1,768200.0
2003-01-07,4.09,4.15,3.9,4.11,474800.0
2003-01-08,4.11,4.11,3.97,4.03,799700.0
2003-01-09,4.01,4.39,4.01,4.34,772600.0
2003-01-10,4.34,4.4,4.21,4.29,674600.0
2003-01-13,4.34,4.49,4.13,4.21,598200.0
2003-01-14,4.22,4.75,4.22,4.6,1236700.0
2003-01-15,4.64,4.77,4.48,4.72,1416500.0
2003-01-16,4.75,4.9,4.69,4.77,1238000.0
2003-01-17,4.55,4.58,3.87,4.33,1590000.0
2003-01-21,4.35,4.4,4.0,4.16,834000.0
2003-01-22,4.06,4.41,4.01,4.12,360600.0
2003-01-23,4.15,4.35,3.76,3.77,552300.0
2003-01-24,3.8,3.83,3.48,3.5,431600.0
2003-01-27,3.36,3.64,3.16,3.26,915600.0
2003-01-28,3.35,3.54,3.27,3.47,1605800.0
2003-01-29,3.35,3.54,3.27,3.47,609500.0
2003-01-30,3.92,3.95,3.48,3.48,556300.0
2003-01-31,3.54,4.1,3.45,3.95,1296000.0
2003-02-03,4.0,4.0,3.55,3.59,496000.0
2003-02-04,3.48,3.6,3.35,3.45,451500.0
2003-02-05,3.5,3.58,3.25,3.33,543600.0
2003-02-06,3.43,3.47,3.31,3.31,407400.0
2003-02-07,3.38,3.48,3.28,3.35,501200.0
2003-02-10,3.45,3.49,3.31,3.34,356100.0
2003-02-11,3.39,3.39,3.22,3.35,1731100.0
2003-02-12,3.31,3.4,3.21,3.4,2125500.0
2003-02-13,3.35,3.5,3.33,3.5,1324400.0
2003-02-14,3.48,3.76,3.41,3.76,1903500.0
2003-02-18,3.82,3.99,3.81,3.93,804900.0
2003-02-19,3.93,3.93,3.76,3.83,549500.0
2003-02-20,3.88,3.96,3.76,3.95,320600.0
2003-02-21,4.03,4.22,3.91,4.22,542500.0
2003-02-24,4.24,4.25,4.0,4.2,640900.0
2003-02-25,4.12,4.12,3.68,3.9,517800.0
2003-02-26,3.9,3.95,3.77,3.9,417600.0
2003-02-27,4.0,4.05,3.77,3.83,838700.0
2003-02-28,3.9,4.03,3.8,3.88,1865500.0
2003-03-03,3.95,4.1,3.85,3.85,1223500.0
2003-03-04,3.8,4.24,3.8,4.24,1122000.0
2003-03-05,4.25,4.58,4.25,4.56,2378200.0
2003-03-06,4.5,4.72,4.42,4.57,3379100.0
2003-03-07,4.53,4.69,4.42,4.65,717700.0
2003-03-10,4.63,4.63,4.4,4.5,744300.0
2003-03-11,4.42,4.64,4.2,4.36,650300.0
2003-03-12,4.26,4.26,4.02,4.17,1222400.0
2003-03-13,4.25,4.6,4.19,4.57,813200.0
2003-03-14,4.67,4.95,4.65,4.91,1329400.0
2003-03-17,4.84,5.21,4.75,5.15,1420300.0
2003-03-18,5.2,5.4,5.0,5.4,695700.0
2003-03-19,5.4,5.45,5.15,5.25,866800.0
2003-03-20,5.18,5.48,5.06,5.36,667100.0
2003-03-21,5.5,5.75,5.4,5.69,1129100.0
2003-03-24,5.69,5.69,5.35,5.5,445600.0
2003-03-25,5.46,5.5,5.12,5.32,790500.0
2003-03-26,5.32,5.39,5.18,5.25,497500.0
2003-03-27,5.11,5.26,4.95,5.25,590200.0
2003-03-28,5.15,5.35,5.12,5.27,458600.0
2003-03-31,5.17,5.75,5.05,5.5,730600.0
2003-04-01,5.53,5.85,5.25,5.8,645500.0
2003-04-02,5.92,6.09,5.9,6.01,875000.0
2003-04-03,6.06,6.07,5.65,5.85,778100.0
2003-04-04,5.8,6.07,5.8,5.86,621200.0
2003-04-07,6.04,6.12,5.97,6.11,625800.0
2003-04-08,6.06,6.12,6.0,6.04,531900.0
2003-04-09,5.98,6.3,5.95,6.19,922600.0
2003-04-10,6.18,6.3,5.86,6.02,894000.0
2003-04-11,6.1,6.22,6.02,6.2,580500.0
2003-04-14,6.22,6.59,6.22,6.59,695100.0
2003-04-15,6.49,6.6,6.4,6.5,1232300.0
2003-04-16,6.58,6.63,6.18,6.18,704800.0
2003-04-17,6.32,6.58,6.25,6.25,580600.0
2003-04-21,6.33,6.5,6.21,6.25,354600.0
2003-04-22,6.2,6.24,6.03,6.2,1135000.0
2003-04-23,6.23,6.42,6.23,6.41,523500.0
2003-04-24,6.4,6.43,6.22,6.3,345300.0
2003-04-25,6.31,6.48,6.31,6.46,749900.0
2003-04-28,6.49,6.55,6.35,6.47,368300.0
2003-04-29,6.47,6.6,6.2,6.22,450200.0
2003-04-30,6.02,6.51,6.01,6.37,947800.0
2003-05-01,6.37,6.4,6.09,6.1,909800.0
2003-05-02,6.12,6.59,6.12,6.58,863500.0
2003-05-05,6.61,6.75,6.45,6.46,943900.0
2003-05-06,6.52,7.2,6.52,7.2,1635800.0
2003-05-07,7.14,7.6,6.81,7.45,1146700.0
2003-05-08,7.18,7.33,7.11,7.15,1059500.0
2003-05-09,7.2,7.29,7.11,7.18,660200.0
2003-05-12,7.19,7.35,7.18,7.3,569300.0
2003-05-13,7.2,7.3,7.0,7.25,324900.0
2003-05-14,7.3,7.55,7.3,7.38,845400.0
2003-05-15,7.41,7.6,7.24,7.35,503500.0
2003-05-16,7.25,7.37,7.03,7.03,878100.0
2003-05-19,7.13,7.31,7.13,7.3,956300.0
2003-05-20,7.3,7.44,7.08,7.38,959700.0
2003-05-21,7.33,7.4,7.06,7.06,371900.0
2003-05-22,7.01,7.02,6.87,6.96,1098900.0
2003-05-23,6.9,7.2,6.85,7.13,774500.0
2003-05-27,7.09,7.73,7.09,7.6,1721200.0
2003-05-28,7.68,7.94,7.68,7.94,1371400.0
2003-05-29,7.93,8.25,7.93,8.2,1506800.0
2003-05-30,8.25,8.56,8.15,8.33,1664300.0
2003-06-02,8.6,8.62,8.24,8.35,1023300.0
2003-06-03,8.3,8.48,8.1,8.34,854600.0
2003-06-04,8.44,8.65,8.34,8.63,909700.0
2003-06-05,8.54,8.65,8.41,8.62,396600.0
2003-06-06,8.84,9.0,8.42,8.55,1243900.0
2003-06-09,8.55,8.55,7.85,8.08,592000.0
2003-06-10,7.98,8.23,7.8,8.11,540300.0
2003-06-11,8.06,8.33,7.95,8.01,564900.0
2003-06-12,7.99,8.41,7.95,8.25,560500.0
2003-06-13,8.25,8.25,7.75,7.99,562500.0
2003-06-16,8.0,8.09,7.21,7.93,997000.0
2003-06-17,7.93,8.21,7.8,8.2,563000.0
2003-06-18,8.1,8.18,7.96,7.96,689200.0
2003-06-19,8.01,8.29,7.54,7.54,1701800.0
2003-06-20,7.64,7.74,7.5,7.72,748400.0
2003-06-23,7.9,7.91,7.51,7.68,1011200.0
2003-06-24,7.68,7.87,7.68,7.85,1028600.0
2003-06-25,7.85,8.06,7.77,8.05,1066100.0
2003-06-26,8.0,8.34,7.59,7.6,7516500.0
2003-06-27,7.5,7.76,7.45,7.75,12708200.0
2003-06-30,7.8,8.05,7.7,7.77,9031900.0
2003-07-01,7.75,7.9,7.7,7.8,2014600.0
2003-07-02,7.92,8.65,7.91,8.62,4260100.0
2003-07-03,8.5,9.15,8.5,9.1,1774900.0
2003-07-07,9.12,9.47,9.1,9.45,1804400.0
2003-07-08,9.5,9.91,9.34,9.85,1915600.0
2003-07-09,9.98,10.15,9.86,10.01,3793400.0
2003-07-10,9.95,9.95,9.6,9.77,1260100.0
2003-07-11,9.75,9.93,9.61,9.79,1943200.0
2003-07-14,9.95,10.15,9.95,10.15,1038300.0
2003-07-15,10.15,10.26,9.81,9.93,1599600.0
2003-07-16,9.94,10.17,9.9,10.17,1645500.0
2003-07-17,10.0,10.0,9.7,9.75,3194300.0
2003-07-18,9.78,9.9,9.46,9.75,1303100.0
2003-07-21,9.65,9.68,9.28,9.45,686700.0
2003-07-22,9.6,9.77,9.23,9.75,12325300.0
2003-07-23,9.8,9.98,9.75,9.95,1095800.0
2003-07-24,9.97,10.05,9.87,9.99,1892100.0
2003-07-25,9.86,10.0,9.82,9.92,487000.0
2003-07-28,9.9,10.41,9.88,10.39,1799500.0
2003-07-29,10.39,10.39,9.87,9.9,1359100.0
2003-07-30,10.05,10.05,9.84,9.88,1455700.0
2003-07-31,9.99,10.04,9.71,9.9,1274600.0
2003-08-01,10.1,10.1,9.47,9.63,1679500.0
2003-08-04,9.78,9.78,9.52,9.63,2378600.0
2003-08-05,9.63,9.89,9.51,9.7,2261700.0
2003-08-06,9.71,10.0,9.7,9.93,2127100.0
2003-08-07,10.0,10.0,9.75,9.82,1805700.0
2003-08-08,9.94,10.1,9.65,9.89,1321900.0
2003-08-11,9.85,9.98,9.77,9.86,939000.0
2003-08-12,9.98,10.5,9.98,10.21,2632100.0
2003-08-13,10.32,10.97,10.28,10.75,2351600.0
2003-08-14,9.9,10.25,9.75,10.15,6523200.0
2003-08-15,10.0,10.14,10.0,10.09,773900.0
2003-08-18,10.1,10.34,10.1,10.25,2193400.0
2003-08-19,10.26,10.55,10.14,10.46,2012600.0
2003-08-20,10.36,10.43,10.26,10.4,2068400.0
2003-08-21,10.35,10.62,10.31,10.44,1306900.0
2003-08-22,10.43,10.49,10.27,10.4,1633000.0
2003-08-25,10.25,10.35,10.15,10.24,610500.0
2003-08-26,10.23,10.24,9.99,10.05,1364100.0
2003-08-27,10.22,10.64,10.22,10.64,1523400.0
2003-08-28,10.6,10.75,10.48,10.66,982500.0
2003-08-29,10.46,10.82,10.46,10.75,796100.0
2003-09-02,10.75,10.95,10.65,10.86,1497800.0
2003-09-03,10.85,10.97,10.8,10.95,1359300.0
2003-09-04,10.95,11.05,10.94,10.97,1619400.0
2003-09-05,10.9,11.0,10.87,10.9,792200.0
2003-09-08,10.93,10.93,10.65,10.77,1648600.0
2003-09-09,10.7,10.75,10.63,10.66,1263000.0
2003-09-10,10.66,10.67,10.25,10.28,784800.0
2003-09-11,10.24,10.25,10.05,10.2,2284400.0
2003-09-12,10.21,10.36,10.17,10.27,1682800.0
2003-09-15,10.32,10.39,10.15,10.2,1417700.0
2003-09-16,10.25,10.63,10.24,10.45,2445400.0
2003-09-17,10.47,10.69,10.46,10.56,1184500.0
2003-09-18,10.56,10.57,10.25,10.25,953000.0
2003-09-19,10.15,10.26,9.88,9.99,1823200.0
2003-09-22,9.9,9.9,9.4,9.59,3272300.0
2003-09-23,10.0,10.0,9.8,9.87,2042100.0
2003-09-24,9.88,9.98,9.5,9.64,1205900.0
2003-09-25,9.75,9.8,9.41,9.51,1740300.0
2003-09-26,9.41,9.48,9.13,9.35,1873800.0
2003-09-29,9.3,9.4,9.0,9.27,1151500.0
2003-09-30,9.15,9.55,9.15,9.41,1266600.0
2003-10-01,9.44,9.7,9.35,9.61,1539200.0
2003-10-02,9.6,10.5,9.47,10.4,7216800.0
2003-10-03,10.55,10.9,10.55,10.69,4443700.0
2003-10-06,10.62,11.05,10.62,11.03,1709100.0
2003-10-07,10.98,11.1,10.82,11.01,1219000.0
2003-10-08,11.04,11.2,10.94,10.98,1215700.0
2003-10-09,11.08,11.38,10.99,11.14,981700.0
2003-10-10,11.06,11.2,10.97,11.1,645100.0
2003-10-13,11.1,11.38,11.04,11.38,633800.0
2003-10-14,11.38,11.38,11.2,11.3,633800.0
2003-10-15,11.45,11.45,11.22,11.29,961500.0
2003-10-16,11.22,11.31,11.16,11.29,442500.0
2003-10-17,11.2,11.25,11.15,11.21,1395900.0
2003-10-20,11.2,11.47,11.2,11.43,1346200.0
2003-10-21,11.49,11.7,11.47,11.68,609000.0
2003-10-22,11.66,11.66,11.43,11.5,695800.0
2003-10-23,11.4,11.42,11.0,11.25,1375400.0
2003-10-24,11.15,11.16,10.97,11.15,515600.0
2003-10-27,11.35,11.55,11.21,11.52,671500.0
2003-10-28,11.53,11.87,11.5,11.85,1115800.0
2003-10-29,12.0,13.1,12.0,12.96,4765900.0
2003-10-30,12.99,13.1,12.59,12.7,1472000.0
2003-10-31,12.65,12.81,12.53,12.66,1819200.0
2003-11-03,12.6,12.61,12.33,12.59,1035300.0
2003-11-04,12.5,12.64,12.26,12.63,1249600.0
2003-11-05,12.62,12.62,12.17,12.23,719300.0
2003-11-06,12.43,12.51,12.16,12.47,599800.0
2003-11-07,12.47,13.03,12.47,12.89,813300.0
2003-11-10,12.85,12.85,12.2,12.2,1254600.0
2003-11-11,12.2,12.27,11.92,12.01,481100.0
2003-11-12,12.03,12.46,12.0,12.45,864000.0
2003-11-13,12.3,12.54,12.22,12.23,891600.0
2003-11-14,12.13,12.19,11.82,11.89,551400.0
2003-11-17,11.89,11.89,11.44,11.6,1030200.0
2003-11-18,11.6,12.35,11.6,11.8,718500.0
2003-11-19,11.81,11.81,11.45,11.6,2666200.0
2003-11-20,11.55,11.9,11.4,11.44,491000.0
2003-11-21,11.5,12.13,11.46,11.9,2821000.0
2003-11-24,11.89,12.14,11.85,12.09,670500.0
2003-11-25,12.14,12.19,12.01,12.03,489600.0
2003-11-26,12.08,12.3,12.08,12.18,647500.0
2003-11-28,12.18,12.45,12.18,12.41,271600.0
2003-12-01,12.48,12.71,12.42,12.65,587200.0
2003-12-02,12.58,12.72,12.44,12.7,583600.0
2003-12-03,12.65,12.79,12.65,12.75,718500.0
2003-12-04,12.75,12.8,12.4,12.52,919200.0
2003-12-05,12.52,12.6,12.42,12.6,1372900.0
2003-12-08,12.5,12.8,12.35,12.45,871800.0
2003-12-09,12.55,12.6,12.07,12.1,428000.0
2003-12-10,12.1,12.13,11.58,11.74,753900.0
2003-12-11,11.65,12.15,11.6,12.0,1589500.0
2003-12-12,12.0,12.0,11.65,11.7,559900.0
2003-12-15,11.9,11.92,11.45,11.45,1131700.0
2003-12-16,11.46,11.47,11.12,11.25,1696300.0
2003-12-17,11.2,11.33,11.13,11.21,875600.0
2003-12-18,11.21,11.33,11.13,11.21,1259600.0
2003-12-19,11.23,11.26,10.8,10.8,1918900.0
2003-12-22,10.95,11.0,10.84,11.0,2472300.0
2003-12-23,11.1,11.25,11.06,11.16,757900.0
2003-12-24,11.06,11.32,11.06,11.13,234300.0
2003-12-26,11.12,11.31,11.12,11.2,253600.0
2003-12-29,11.3,11.5,11.09,11.1,995400.0
2003-12-30,11.1,11.1925,10.99,10.99,993500.0
2003-12-31,10.99,11.11,10.86,11.03,1605300.0
2004-01-02,11.02,11.1,10.9,11.0,684100.0
2004-01-05,11.2,11.55,11.1,11.55,3224800.0
2004-01-06,11.55,11.85,11.35,11.8,3180800.0
2004-01-07,11.85,12.23,11.8,12.13,4084000.0
2004-01-08,12.6,12.67,12.39,12.65,3191900.0
2004-01-09,12.65,13.23,12.5,13.1,3845200.0
2004-01-12,13.11,13.15,12.9,13.05,2537600.0
2004-01-13,13.1,13.1,12.85,12.98,2709900.0
2004-01-14,13.03,13.04,12.29,12.6,3933800.0
2004-01-15,12.7,12.74,12.375,12.55,3583500.0
2004-01-16,12.6,12.7,12.4,12.65,4246700.0
2004-01-20,12.68,12.87,12.53,12.7,2200700.0
2004-01-21,12.6,12.61,12.31,12.45,926000.0
2004-01-22,12.4,12.63,12.35,12.42,782700.0
2004-01-23,12.4,12.67,12.4,12.6,761700.0
2004-01-26,12.56,12.64,12.44,12.44,1130400.0
2004-01-27,12.44,12.75,12.4,12.52,528700.0
2004-01-28,12.5,12.65,12.11,12.14,869800.0
2004-01-29,12.14,12.22,11.6,11.95,2457200.0
2004-01-30,12.0,12.55,11.85,12.4,1891000.0
2004-02-02,12.3,12.45,12.06,12.25,1677600.0
2004-02-03,12.15,12.29,12.05,12.26,1491300.0
2004-02-04,12.25,12.25,11.52,11.7,3774600.0
2004-02-05,11.9,12.1,11.79,12.0,1601400.0
2004-02-06,12.03,12.6,12.03,12.57,1702400.0
2004-02-09,12.5,12.64,12.41,12.61,530300.0
2004-02-10,12.56,12.6,12.34,12.35,976000.0
2004-02-11,12.4,12.5,12.3,12.4,913300.0
2004-02-12,12.41,12.812,12.32,12.34,2504000.0
2004-02-13,12.35,12.6,12.18,12.26,467500.0
2004-02-17,12.26,12.98,12.26,12.77,2047500.0
2004-02-18,12.67,12.89,11.93,12.1,2593800.0
2004-02-19,12.75,12.76,12.0,12.14,2153500.0
2004-02-20,12.14,12.2,11.86,11.98,1210700.0
2004-02-23,11.98,12.05,11.86,11.94,1071200.0
2004-02-24,11.85,11.85,11.35,11.55,1293600.0
2004-02-25,11.55,11.85,11.55,11.7,1358600.0
2004-02-26,11.71,11.9,11.65,11.85,1464800.0
2004-02-27,11.85,12.2,11.85,12.05,1761700.0
2004-03-01,12.2,12.27,12.03,12.13,1205000.0
2004-03-02,12.23,13.0,12.23,12.98,4049800.0
2004-03-03,12.95,13.4,12.8,13.14,2944000.0
2004-03-04,13.05,13.86,13.05,13.85,4079500.0
2004-03-05,13.75,13.75,13.3,13.53,1620500.0
2004-03-08,13.5,13.57,13.1,13.23,2304500.0
2004-03-09,13.2,13.27,12.95,13.03,1303600.0
2004-03-10,13.0,13.03,12.55,12.71,1180000.0
2004-03-11,12.55,12.85,12.52,12.64,657100.0
2004-03-12,12.67,12.84,12.54,12.63,625400.0
2004-03-15,12.65,12.67,12.3,12.5,834800.0
2004-03-16,12.75,13.2,12.75,13.15,1963500.0
2004-03-17,13.15,13.48,13.12,13.3,1114000.0
2004-03-18,13.2,13.2,12.85,13.0,821200.0
2004-03-19,13.0,13.0,12.8,12.85,1556900.0
2004-03-22,12.85,12.86,12.43,12.54,1225200.0
2004-03-23,12.5,12.68,12.08,12.13,1516700.0
2004-03-24,12.18,12.2,11.75,11.91,2064300.0
2004-03-25,11.92,12.3,11.9,12.19,1689900.0
2004-03-26,12.19,12.3,12.02,12.11,1092800.0
2004-03-29,12.15,12.44,12.14,12.34,1439200.0
2004-03-30,12.34,12.72,12.27,12.6,1313000.0
2004-03-31,12.65,12.71,12.45,12.63,1294400.0
2004-04-01,12.62,12.97,12.51,12.86,2419100.0
2004-04-02,12.95,13.06,12.86,12.97,998900.0
2004-04-05,12.9,13.28,12.87,13.25,1041800.0
2004-04-06,13.5,13.87,13.3,13.61,2478400.0
2004-04-07,13.6,13.88,13.6,13.8,2011400.0
2004-04-08,13.85,14.18,13.82,14.07,1317300.0
2004-04-12,14.05,14.06,13.77,13.9,763100.0
2004-04-13,14.25,14.25,13.52,13.78,1090600.0
2004-04-14,13.58,13.68,13.44,13.65,884100.0
2004-04-15,14.0,14.85,13.9,14.38,4504000.0
2004-04-16,14.37,14.6,14.28,14.54,1025700.0
2004-04-19,14.54,15.0,14.5,15.0,2054700.0
2004-04-20,15.0,15.12,14.87,14.91,2177300.0
2004-04-21,14.91,15.39,14.76,15.32,1220900.0
2004-04-22,15.22,15.8,15.2,15.63,2408300.0
2004-04-23,15.65,15.68,15.17,15.32,1369800.0
2004-04-26,15.25,15.35,15.07,15.35,609300.0
2004-04-27,15.25,15.33,14.91,14.92,1758200.0
2004-04-28,14.8,14.84,14.47,14.51,924200.0
2004-04-29,14.46,14.59,14.33,14.38,852800.0
2004-04-30,14.43,14.43,13.81,13.95,678000.0
2004-05-03,14.25,15.0,14.06,14.78,1624200.0
2004-05-04,14.74,15.05,14.63,15.0,1067000.0
2004-05-05,15.0,15.0,14.51,14.75,765800.0
2004-05-06,14.76,14.85,14.3,14.55,1239200.0
2004-05-07,14.56,14.6,14.35,14.44,501000.0
2004-05-10,14.2,14.2,13.6,13.8,1425500.0
2004-05-11,13.8,14.0,13.69,13.79,1844200.0
2004-05-12,13.65,13.79,13.34,13.65,768900.0
2004-05-13,13.5,13.74,13.46,13.59,1875000.0
2004-05-14,13.61,13.71,13.3,13.51,647400.0
2004-05-17,13.3,13.38,12.99,13.16,849300.0
2004-05-18,13.26,13.66,13.19,13.4,2178500.0
2004-05-19,13.45,13.75,13.45,13.57,1465000.0
2004-05-20,13.57,13.81,13.51,13.81,895800.0
2004-05-21,13.81,14.01,13.81,14.0,905400.0
2004-05-24,14.0,14.22,13.84,14.03,570200.0
2004-05-25,13.95,14.55,13.93,14.45,893400.0
2004-05-26,14.47,14.55,14.2,14.5,866400.0
2004-05-27,14.6,14.98,14.5,14.73,937800.0
2004-05-28,14.8,14.89,14.6,14.73,1148800.0
2004-06-01,14.6,14.73,14.45,14.57,627400.0
2004-06-02,14.56,14.65,14.34,14.4,710800.0
2004-06-03,14.3,14.37,13.99,14.04,1256500.0
2004-06-04,14.13,14.8,14.07,14.6,2071700.0
2004-06-07,14.7,15.26,14.58,14.95,1301900.0
2004-06-08,14.8,15.18,14.78,15.03,1154900.0
2004-06-09,14.95,15.15,14.71,14.81,847000.0
2004-06-10,14.81,15.1,14.81,15.05,825300.0
2004-06-14,15.05,15.1,14.81,14.95,1326600.0
2004-06-15,15.01,15.3,14.84,15.02,1613700.0
2004-06-16,14.95,15.03,14.82,15.0,1452300.0
2004-06-17,14.9,15.22,14.81,15.22,946200.0
2004-06-18,15.22,15.55,15.15,15.22,707500.0
2004-06-21,15.25,15.35,14.9,14.95,468200.0
2004-06-22,15.18,15.45,15.12,15.39,1115500.0
2004-06-23,15.26,16.09,15.26,15.95,3108300.0
2004-06-24,17.1,17.1,16.1,16.23,2718400.0
2004-06-25,16.3,16.34,15.91,16.08,4467200.0
2004-06-28,15.95,15.95,14.02,14.13,10336400.0
2004-06-29,13.85,14.74,13.66,14.48,6320500.0
2004-06-30,14.49,14.98,14.49,14.75,2721900.0
2004-07-01,14.76,14.77,14.32,14.49,1250200.0
2004-07-02,14.5,14.62,14.37,14.43,704700.0
2004-07-06,14.37,14.42,14.21,14.37,868100.0
2004-07-07,14.35,15.02,14.35,15.02,3083000.0
2004-07-08,14.95,15.1,14.73,14.81,2896800.0
2004-07-09,14.78,15.0,14.75,14.87,884100.0
2004-07-12,14.87,14.9,14.62,14.71,490400.0
2004-07-13,14.75,14.89,14.61,14.64,290000.0
2004-07-14,14.64,14.74,14.2,14.33,1034900.0
2004-07-15,14.37,14.45,14.1,14.25,1234200.0
2004-07-16,14.29,14.55,14.29,14.45,744200.0
2004-07-19,14.51,14.65,14.43,14.65,847300.0
2004-07-20,14.65,15.09,14.46,14.89,1290400.0
2004-07-21,14.95,15.24,14.25,14.26,885000.0
2004-07-22,14.25,14.25,13.73,13.95,1718500.0
2004-07-23,13.96,13.96,13.31,13.48,1855100.0
2004-07-26,13.5,13.55,12.55,12.65,3250100.0
2004-07-27,12.68,13.84,12.68,13.83,1953300.0
2004-07-28,13.8,14.55,13.8,14.42,3614100.0
2004-07-29,14.43,14.99,14.17,14.21,3975600.0
2004-07-30,14.25,14.85,14.1,14.12,3031000.0
2004-08-02,14.1,14.2,13.65,13.9,2451200.0
2004-08-03,13.8,13.81,13.34,13.34,1809100.0
2004-08-04,13.34,13.34,13.0,13.16,1669900.0
2004-08-05,13.16,13.35,13.0,13.08,1420500.0
2004-08-06,13.0,13.25,12.65,13.11,1694000.0
2004-08-09,13.11,13.29,12.85,12.9,1620400.0
2004-08-10,12.97,13.57,12.95,13.27,2102200.0
2004-08-11,13.27,13.29,13.05,13.25,1283200.0
2004-08-12,13.25,13.57,13.21,13.26,974900.0
2004-08-13,13.27,13.42,13.25,13.4,843300.0
2004-08-16,13.38,13.51,13.272,13.33,808700.0
2004-08-17,13.3,13.47,13.12,13.41,725500.0
2004-08-18,13.41,13.82,13.38,13.67,1373300.0
2004-08-19,13.62,13.8,13.54,13.59,434500.0
2004-08-20,13.58,13.77,13.54,13.65,755700.0
2004-08-23,13.7,13.87,13.66,13.67,680200.0
2004-08-24,13.7,13.8,13.44,13.46,440500.0
2004-08-25,13.5,13.99,13.49,13.8,868800.0
2004-08-26,13.9,13.98,13.59,13.74,953700.0
2004-08-27,13.87,14.39,13.59,14.35,1474000.0
2004-08-30,14.38,14.38,14.1,14.18,845000.0
2004-08-31,14.1,14.45,13.94,14.31,865300.0
2004-09-01,14.21,14.48,14.07,14.17,1247900.0
2004-09-02,14.17,14.46,14.14,14.34,450200.0
2004-09-03,14.28,14.48,14.13,14.2,367400.0
2004-09-07,14.2,14.26,14.06,14.15,629800.0
2004-09-08,14.1,14.5,14.05,14.45,866600.0
2004-09-09,14.37,14.55,14.3,14.41,520300.0
2004-09-10,14.45,14.8,14.39,14.65,653600.0
2004-09-13,14.65,14.8,14.6,14.66,1139400.0
2004-09-14,14.61,14.7,14.45,14.68,859600.0
2004-09-15,14.59,14.59,14.31,14.55,1449700.0
2004-09-16,14.55,14.87,14.54,14.8,1554400.0
2004-09-17,14.81,15.03,14.81,14.83,1534000.0
2004-09-20,14.83,14.87,14.7,14.79,703300.0
2004-09-21,14.79,14.83,14.57,14.78,911500.0
2004-09-22,14.73,14.74,14.38,14.48,1223100.0
2004-09-23,14.48,15.04,14.48,14.98,1230100.0
2004-09-24,14.97,15.0,14.73,14.8,578600.0
2004-09-27,14.72,14.72,14.45,14.46,804300.0
2004-09-28,14.46,14.64,14.43,14.52,862600.0
2004-09-29,14.52,14.71,14.52,14.69,305300.0
2004-09-30,14.69,14.9,14.69,14.88,844800.0
2004-10-01,14.95,15.1,14.95,15.05,1243400.0
2004-10-04,15.1,15.32,15.05,15.16,1017000.0
2004-10-05,15.16,15.49,15.12,15.34,1262300.0
2004-10-06,15.34,15.45,15.2,15.45,847200.0
2004-10-07,15.35,15.54,15.35,15.44,1838500.0
2004-10-08,15.4,15.72,15.39,15.53,1089400.0
2004-10-11,15.62,15.85,15.57,15.72,593300.0
2004-10-12,15.62,15.62,15.32,15.5,929400.0
2004-10-13,15.5,15.6,15.13,15.29,813700.0
2004-10-14,15.2,15.3,15.01,15.1,374600.0
2004-10-15,15.12,15.3,15.12,15.26,869400.0
2004-10-18,15.26,15.26,15.1,15.19,665300.0
2004-10-19,15.23,15.4,15.08,15.15,607500.0
2004-10-20,15.15,15.21,14.95,15.05,1162700.0
2004-10-21,15.08,15.12,14.96,15.0,1371900.0
2004-10-22,15.05,15.13,15.02,15.06,1556600.0
2004-10-25,15.0,15.03,14.82,15.0,475500.0
2004-10-26,14.99,15.38,14.95,15.38,1989300.0
2004-10-27,15.2,15.6,14.6,15.52,3197800.0
2004-10-28,15.52,15.55,15.16,15.36,1160900.0
2004-10-29,15.36,15.43,15.17,15.31,1930900.0
2004-11-01,15.25,15.3,15.0,15.3,1588100.0
2004-11-02,15.26,15.56,15.2,15.45,1491100.0
2004-11-03,15.7,15.76,15.5,15.6,991200.0
2004-11-04,15.7,15.85,15.6,15.72,932800.0
2004-11-05,15.75,16.12,15.75,15.8,1228300.0
2004-11-08,15.85,15.98,15.75,15.78,931600.0
2004-11-09,16.35,16.71,16.3,16.58,7445100.0
2004-11-10,16.65,16.9,16.57,16.75,1410800.0
2004-11-11,16.85,16.89,16.72,16.78,1694800.0
2004-11-12,16.85,16.98,16.73,16.98,760900.0
2004-11-15,16.7,16.83,16.23,16.42,1403800.0
2004-11-16,16.37,16.54,16.25,16.4,989400.0
2004-11-17,16.05,16.39,16.01,16.23,1298800.0
2004-11-18,16.15,16.49,16.15,16.43,1554700.0
2004-11-19,16.42,16.51,16.3,16.42,1597000.0
2004-11-22,16.35,16.63,16.35,16.5,972700.0
2004-11-23,16.5,16.58,16.35,16.58,1091800.0
2004-11-24,16.58,16.89,16.58,16.83,685400.0
2004-11-26,16.85,16.98,16.83,16.9,289400.0
2004-11-29,16.9,17.0,16.89,16.95,1173900.0
2004-11-30,16.95,16.95,16.72,16.88,1355400.0
2004-12-01,16.88,17.37,16.88,17.33,1356600.0
2004-12-02,17.29,17.55,17.26,17.31,1405900.0
2004-12-03,17.27,17.39,17.24,17.33,773400.0
2004-12-06,17.25,17.3,17.01,17.2,809400.0
2004-12-07,17.22,17.25,17.0,17.08,523200.0
2004-12-08,17.22,17.22,16.67,16.81,1068000.0
2004-12-09,16.75,16.75,16.42,16.62,1094100.0
2004-12-10,16.5,16.52,15.94,16.4,1906600.0
2004-12-13,16.4,16.45,16.19,16.35,1197700.0
2004-12-14,16.33,16.33,15.98,16.32,1339700.0
2004-12-15,16.33,16.4,16.17,16.3,2060600.0
2004-12-16,16.34,16.45,16.25,16.34,1798900.0
2004-12-17,16.3,16.3,15.93,16.07,3246800.0
2004-12-20,16.15,16.2,16.0,16.15,937000.0
2004-12-21,16.17,16.41,15.93,16.36,1468400.0
2004-12-22,16.36,16.55,16.19,16.42,1539900.0
2004-12-23,16.49,16.49,16.3,16.33,528200.0
2004-12-27,16.26,16.41,16.25,16.33,729900.0
2004-12-28,16.33,16.43,16.25,16.37,921300.0
2004-12-29,16.41,16.51,16.38,16.45,645400.0
2004-12-30,16.49,16.57,16.35,16.53,646200.0
2004-12-31,16.6,16.71,16.51,16.64,496700.0
2005-01-03,16.63,16.77,16.37,16.41,1639900.0
2005-01-04,16.32,16.33,15.94,16.15,1712600.0
2005-01-05,16.45,16.65,16.27,16.55,1855300.0
2005-01-06,16.55,16.75,16.54,16.65,1136300.0
2005-01-07,16.71,17.08,16.71,17.05,1051300.0
2005-01-10,17.15,17.46,17.15,17.3,1198200.0
2005-01-11,17.3,17.52,17.24,17.26,1488900.0
2005-01-12,17.26,17.26,17.06,17.14,1082100.0
2005-01-13,17.17,17.24,16.64,16.77,1634500.0
2005-01-14,16.85,17.08,16.85,17.07,2420400.0
2005-01-18,17.07,17.19,16.9,17.14,736400.0
2005-01-19,17.18,17.52,17.0,17.47,1399600.0
2005-01-20,17.1,17.34,17.05,17.21,1129500.0
2005-01-21,17.25,17.3,16.79,16.85,1016700.0
2005-01-24,16.9,16.97,16.4,16.52,756700.0
2005-01-25,16.59,16.85,16.52,16.67,445300.0
2005-01-26,16.67,16.72,16.34,16.43,1123800.0
2005-01-27,16.39,16.58,16.3,16.35,478000.0
2005-01-28,16.44,16.51,16.32,16.38,450600.0
2005-01-31,16.48,16.6,16.28,16.4,916500.0
2005-02-01,16.4,16.5,16.36,16.4,873700.0
2005-02-02,16.4,16.4,16.0,16.2,971200.0
2005-02-03,16.15,16.34,16.13,16.18,500900.0
2005-02-04,16.15,16.35,16.12,16.2,590100.0
2005-02-07,16.24,16.34,16.11,16.16,550600.0
2005-02-08,16.0,16.41,16.0,16.4,543200.0
2005-02-09,16.35,16.4,16.102,16.18,811400.0
2005-02-10,16.24,16.4,15.782,16.32,594500.0
2005-02-11,16.25,16.37,16.15,16.25,1824300.0
2005-02-14,16.2,16.4,16.09,16.19,2904200.0
2005-02-15,16.23,16.3,15.5,16.16,2840500.0
2005-02-16,16.26,16.68,16.18,16.59,2897100.0
2005-02-17,16.68,16.86,16.49,16.64,2074500.0
2005-02-18,16.69,16.81,16.55,16.75,1197000.0
2005-02-22,16.76,16.88,16.6,16.74,829200.0
2005-02-23,16.66,16.77,16.25,16.25,1142000.0
2005-02-24,16.2,16.28,16.09,16.2,1064900.0
2005-02-25,16.3,16.48,16.25,16.37,822200.0
2005-02-28,16.3,16.43,16.2,16.34,940000.0
2005-03-01,16.34,16.5,16.2,16.5,992200.0
2005-03-02,16.25,16.4,16.17,16.25,870500.0
2005-03-03,16.4,16.52,16.29,16.37,1530900.0
2005-03-04,16.45,16.49,15.98,16.1,1759100.0
2005-03-07,16.15,16.22,16.0,16.18,552400.0
2005-03-08,16.17,16.6,16.17,16.38,749500.0
2005-03-09,16.36,16.39,15.94,16.04,960200.0
2005-03-10,16.14,16.2,15.93,16.2,757100.0
2005-03-11,16.2,16.53,16.11,16.5,767200.0
2005-03-14,16.45,16.65,16.44,16.63,844800.0
2005-03-15,16.63,16.63,16.43,16.59,671700.0
2005-03-16,16.49,16.5,16.33,16.46,1192700.0
2005-03-17,16.21,16.61,16.1,16.42,1500800.0
2005-03-18,16.44,16.5,16.15,16.25,1039500.0
2005-03-21,16.29,16.37,16.2,16.25,1282400.0
2005-03-22,16.29,16.32,16.08,16.09,696200.0
2005-03-23,16.1,16.1,15.48,15.53,1997000.0
2005-03-24,15.63,16.05,15.6,15.75,1071100.0
2005-03-28,15.85,16.04,15.82,15.89,1157800.0
2005-03-29,15.85,16.0,15.56,15.7,1465000.0
2005-03-30,15.85,15.94,15.4,15.67,1705300.0
2005-03-31,15.71,16.1,15.64,16.06,2280500.0
2005-04-01,16.06,16.4,16.06,16.29,1664800.0
2005-04-04,16.22,16.37,15.92,16.31,1628200.0
2005-04-05,16.35,16.9,16.35,16.65,2236200.0
2005-04-06,16.65,16.78,16.55,16.67,1339600.0
2005-04-07,16.63,16.87,16.6,16.82,796400.0
2005-04-08,16.82,16.87,16.76,16.84,1007100.0
2005-04-11,16.82,16.88,16.68,16.73,784800.0
2005-04-12,16.73,16.8,16.48,16.72,847100.0
2005-04-13,16.68,16.9,16.62,16.73,614200.0
2005-04-14,16.78,16.78,16.55,16.57,838400.0
2005-04-15,16.52,16.57,15.96,16.15,1196700.0
2005-04-18,16.1,16.29,16.03,16.12,930000.0
2005-04-19,16.18,16.35,15.84,15.95,1193200.0
2005-04-20,15.93,15.98,15.77,15.78,890800.0
2005-04-21,15.84,16.05,15.71,15.85,1089200.0
2005-04-22,15.86,16.45,15.86,16.29,1074600.0
2005-04-25,16.31,16.5,16.26,16.42,656000.0
2005-04-26,16.44,16.55,16.35,16.38,649400.0
2005-04-27,16.23,16.67,16.23,16.67,825200.0
2005-04-28,16.5,16.63,16.15,16.19,593400.0
2005-04-29,16.22,16.4,15.82,16.13,1200200.0
2005-05-02,16.13,16.37,16.0,16.04,1480200.0
2005-05-03,16.15,16.53,16.05,16.36,1152600.0
2005-05-04,16.41,16.55,16.17,16.46,2358800.0
2005-05-05,16.47,17.19,16.45,17.03,1347800.0
2005-05-06,17.05,17.15,16.5,16.59,905600.0
2005-05-09,16.54,16.98,16.45,16.86,633400.0
2005-05-10,16.8,16.8,16.57,16.67,926400.0
2005-05-11,16.69,16.85,16.56,16.79,457800.0
2005-05-12,16.73,16.95,16.72,16.73,421000.0
2005-05-13,16.73,16.85,16.63,16.63,476700.0
2005-05-16,16.61,16.61,16.45,16.48,415700.0
2005-05-17,16.44,16.72,16.4,16.61,428100.0
2005-05-18,16.7,17.15,16.7,17.0,1044200.0
2005-05-19,17.02,17.24,16.96,17.2,810900.0
2005-05-20,17.14,17.18,16.88,16.95,725400.0
2005-05-23,17.0,17.0,16.78,16.88,681100.0
2005-05-24,16.93,16.97,16.6,16.72,677500.0
2005-05-25,16.85,16.85,16.6,16.65,409500.0
2005-05-26,16.75,16.85,16.58,16.8,894600.0
2005-05-27,16.9,17.73,16.88,17.73,2300000.0
2005-05-31,17.78,17.97,17.55,17.78,3498900.0
2005-06-01,17.77,18.05,17.74,17.9303,1154100.0
2005-06-02,18.15,18.35,18.0,18.12,1527000.0
2005-06-03,18.22,18.44,18.185,18.25,852600.0
2005-06-06,18.1,18.2,17.78,17.8,999300.0
2005-06-07,17.91,18.2,17.9,18.15,1205400.0
2005-06-08,18.15,18.2,17.86,17.95,798100.0
2005-06-09,18.05,18.05,17.7,17.81,999200.0
2005-06-10,17.81,18.17,17.76,18.08,1244200.0
2005-06-13,18.0,18.65,17.99,18.54,1667900.0
2005-06-14,18.55,18.93,18.42,18.43,1659100.0
2005-06-15,18.46,18.7,18.43,18.47,1485600.0
2005-06-16,18.51,18.66,18.39,18.43,1610000.0
2005-06-17,18.47,18.545,18.32,18.32,1628600.0
2005-06-20,18.34,18.66,18.34,18.5,1476600.0
2005-06-21,18.5,18.98,18.47,18.97,1825800.0
2005-06-22,19.0,20.11,18.99,20.0,4497200.0
2005-06-23,20.0,20.12,19.89,19.98,1810500.0
2005-06-24,20.0,20.3,19.95,20.28,1993800.0
2005-06-27,20.29,20.35,20.1,20.24,1105500.0
2005-06-28,20.26,20.75,20.24,20.4,2261500.0
2005-06-29,20.46,20.59,20.13,20.26,2340100.0
2005-06-30,20.38,20.54,20.2,20.32,1633200.0
2005-07-01,20.32,20.34,20.112,20.2,1458400.0
2005-07-05,20.1,20.45,19.89,20.33,922700.0
2005-07-06,20.7,21.07,20.55,20.75,2102600.0
2005-07-07,20.75,20.94,20.58,20.83,1006500.0
2005-07-08,20.9,21.24,20.88,21.14,1224900.0
2005-07-11,21.28,21.4,20.98,21.16,1105500.0
2005-07-12,21.15,21.3,21.09,21.14,1040300.0
2005-07-13,21.02,21.02,20.62,20.68,1454800.0
2005-07-14,20.43,20.7,20.07,20.4,2123600.0
2005-07-15,20.3,20.58,20.11,20.25,748600.0
2005-07-18,20.19,20.24,19.81,20.05,1690200.0
2005-07-19,20.08,20.36,20.02,20.28,1152900.0
2005-07-20,20.27,20.3,19.99,20.2,1781900.0
2005-07-21,20.31,20.48,20.16,20.46,938900.0
2005-07-22,20.55,20.73,20.46,20.68,1001000.0
2005-07-25,20.57,20.68,20.41,20.5,969400.0
2005-07-26,20.36,20.86,20.35,20.63,849200.0
2005-07-27,20.65,20.82,20.4,20.82,847300.0
2005-07-28,21.0,22.5,20.98,22.16,2018200.0
2005-07-29,22.17,22.17,21.62,21.76,855500.0
2005-08-01,21.76,21.96,21.65,21.72,844500.0
2005-08-02,21.72,21.83,21.31,21.4,1231500.0
2005-08-03,21.65,22.42,21.51,22.3,1611200.0
2005-08-04,21.9,22.14,21.5,21.7,1198900.0
2005-08-05,21.65,21.95,21.37,21.87,1004400.0
2005-08-08,21.86,22.0,21.5,21.57,997900.0
2005-08-09,22.0,22.15,21.68,22.13,1151500.0
2005-08-10,22.18,22.31,21.98,22.09,707800.0
2005-08-11,22.07,22.65,22.012,22.52,895600.0
2005-08-12,22.52,22.52,21.99,22.04,649600.0
2005-08-15,22.06,22.5,22.05,22.45,653100.0
2005-08-16,22.45,22.55,22.25,22.28,613500.0
2005-08-17,22.27,22.59,22.2,22.54,959800.0
2005-08-18,22.54,23.08,22.29,23.01,1214100.0
2005-08-19,23.01,23.29,23.0,23.25,1047900.0
2005-08-22,23.25,23.96,23.25,23.86,1606100.0
2005-08-23,23.74,23.83,23.4,23.42,976500.0
2005-08-24,23.57,24.42,23.56,24.11,2046500.0
2005-08-25,24.19,24.28,23.498,23.6,1368400.0
2005-08-26,23.73,24.33,23.69,24.16,1025000.0
2005-08-29,24.1,24.39,23.854,24.28,1429400.0
2005-08-30,24.28,24.58,24.25,24.48,910800.0
2005-08-31,24.46,24.88,24.3,24.76,1158400.0
2005-09-01,24.81,25.43,24.81,25.26,1420400.0
2005-09-02,25.26,25.42,25.0,25.01,828500.0
2005-09-06,24.75,25.0,24.72,24.82,1710100.0
2005-09-07,24.7,24.82,24.6,24.8,1155300.0
2005-09-08,24.82,25.18,24.82,25.05,1032400.0
2005-09-09,25.1,25.24,24.85,24.9,825800.0
2005-09-12,24.92,24.95,24.36,24.62,881700.0
2005-09-13,24.69,24.77,24.51,24.6,1091400.0
2005-09-14,24.59,24.78,24.45,24.6,2094400.0
2005-09-15,24.7,24.93,24.696,24.85,956600.0
2005-09-16,24.87,24.9,24.47,24.65,605500.0
2005-09-19,24.65,24.69,23.8,23.93,972400.0
2005-09-20,23.9,24.07,23.08,23.21,2387400.0
2005-09-21,23.22,23.81,23.06,23.59,1306100.0
2005-09-22,23.5,23.76,23.22,23.52,1660600.0
2005-09-23,23.45,23.65,23.3,23.51,1194400.0
2005-09-26,23.5,24.3,23.49,24.24,1537800.0
2005-09-27,24.25,24.52,24.13,24.45,1052200.0
2005-09-28,24.5,24.79,24.08,24.31,988400.0
2005-09-29,24.21,24.6,24.21,24.6,1083700.0
2005-09-30,24.55,24.65,24.41,24.63,638900.0
2005-10-03,24.65,24.78,24.47,24.56,893600.0
2005-10-04,24.65,24.73,24.42,24.46,785600.0
2005-10-05,24.51,24.6,23.81,23.89,1246400.0
2005-10-06,23.85,23.9,23.61,23.72,442200.0
2005-10-07,24.69,24.75,24.39,24.61,2473400.0
2005-10-10,24.76,24.76,24.28,24.45,978400.0
2005-10-11,24.44,24.58,24.31,24.43,1340900.0
2005-10-12,24.5,24.7,24.0,24.24,1361000.0
2005-10-13,24.28,24.35,24.03,24.15,926700.0
2005-10-14,24.29,24.53,24.15,24.47,534300.0
2005-10-17,24.5,24.97,24.496,24.91,1161900.0
2005-10-18,24.91,24.92,24.21,24.25,1066300.0
2005-10-19,24.1,24.11,23.4675,23.67,1883000.0
2005-10-20,23.65,24.12,23.631,23.9,1574400.0
2005-10-21,23.97,24.62,23.94,24.4,971200.0
2005-10-24,24.41,24.63,24.1,24.58,641300.0
2005-10-25,24.59,24.74,24.476,24.65,555700.0
2005-10-26,24.9,24.97,23.96,23.97,1695300.0
2005-10-27,24.0,24.68,23.7,24.65,2480400.0
2005-10-28,24.65,24.65,24.08,24.23,1748500.0
2005-10-31,24.33,24.59,24.25,24.52,3365600.0
2005-11-01,24.59,26.6,24.59,25.81,3935700.0
2005-11-02,26.0,26.4,25.78,25.85,2554900.0
2005-11-03,25.93,26.9,25.93,26.45,1715800.0
2005-11-04,26.5,26.69,26.19,26.35,944100.0
2005-11-07,26.5,26.65,26.1,26.38,849100.0
2005-11-08,26.35,27.55,26.35,27.52,2368300.0
2005-11-09,27.52,29.2,27.42,28.25,7053200.0
2005-11-10,28.18,28.21,27.7,28.01,995900.0
2005-11-11,27.91,28.21,27.62,27.8,990900.0
2005-11-14,27.8,28.01,27.56,27.65,1280300.0
2005-11-15,27.6,27.61,26.94,27.0,1407000.0
2005-11-16,26.9,26.98,26.6,26.75,1404000.0
2005-11-17,26.9,27.44,26.76,27.44,1349600.0
2005-11-18,27.4,27.54,26.72,26.84,1316800.0
2005-11-21,26.05,26.35,25.5,26.31,3989600.0
2005-11-22,26.3,26.31,26.142,26.21,2177000.0
2005-11-23,26.2,26.86,26.2,26.48,1019700.0
2005-11-25,26.55,26.75,26.29,26.5,226700.0
2005-11-28,26.45,26.4575,26.07,26.14,1676900.0
2005-11-29,26.15,26.8,26.14,26.61,1646500.0
2005-11-30,26.86,27.8,26.86,27.4,2895000.0
2005-12-01,27.42,27.88,26.86,26.98,2091300.0
2005-12-02,27.25,27.92,27.21,27.91,2047500.0
2005-12-05,27.88,27.88,27.16,27.27,1580200.0
2005-12-06,27.2,27.39,26.97,27.39,1793500.0
2005-12-07,27.39,27.41,26.851,27.17,949500.0
2005-12-08,27.23,27.44,26.87,27.34,945000.0
2005-12-09,27.34,27.63,27.17,27.57,842700.0
2005-12-12,27.5,27.5,27.1,27.2,1383500.0
2005-12-13,27.2,27.38,26.69,26.76,1388500.0
2005-12-14,26.76,27.23,26.69,27.12,1291200.0
2005-12-15,27.0,27.32,27.0,27.15,793800.0
2005-12-16,27.23,27.32,27.1,27.22,739800.0
2005-12-19,27.22,27.3,27.09,27.2,773300.0
2005-12-20,27.23,27.42,26.891,27.09,648200.0
2005-12-21,27.05,27.2,27.04,27.11,918200.0
2005-12-22,27.05,27.15,27.0,27.07,1344400.0
2005-12-23,27.07,27.48,27.01,27.29,637900.0
2005-12-27,27.2,27.3,26.69,26.8,905200.0
2005-12-28,26.8,26.9,26.73,26.81,790300.0
2005-12-29,26.81,26.9,26.68,26.79,699800.0
2005-12-30,26.79,26.99,26.601,26.91,826600.0
2006-01-03,26.91,26.97,26.41,26.9,918200.0
2006-01-04,26.97,27.59,26.96,27.46,1504700.0
2006-01-05,27.41,27.8,27.38,27.79,1601400.0
2006-01-06,27.79,28.2,27.79,28.12,1422100.0
2006-01-09,28.1,29.06,28.1,29.01,3552800.0
2006-01-10,29.0,29.0,28.33,28.78,1357100.0
2006-01-11,28.83,29.25,28.83,29.19,1080100.0
2006-01-12,29.2,29.34,29.0,29.14,1145900.0
2006-01-13,29.1,29.25,29.0,29.12,912700.0
2006-01-17,28.9,28.95,28.38,28.54,1172100.0
2006-01-18,28.45,29.59,28.2,28.66,1779300.0
2006-01-19,29.52,29.97,29.51,29.86,916100.0
2006-01-20,30.0,30.03,29.61,29.69,1235400.0
2006-01-23,29.8,29.82,29.39,29.47,856600.0
2006-01-24,29.47,30.73,29.44,30.5,1272000.0
2006-01-25,30.56,30.65,29.96,30.1,784500.0
2006-01-26,29.94,30.17,29.72,30.12,792300.0
2006-01-27,30.12,30.22,30.0,30.14,425900.0
2006-01-30,30.0,30.5,29.99,30.46,552100.0
2006-01-31,30.71,31.7,30.71,31.63,1663800.0
2006-02-01,31.63,32.39,31.45,32.31,1382800.0
2006-02-02,32.31,32.31,31.79,31.88,798600.0
2006-02-03,31.86,31.86,31.08,31.16,864700.0
2006-02-06,31.26,32.06,31.26,31.75,904600.0
2006-02-07,32.0,32.77,31.75,32.0,986800.0
2006-02-08,31.9,32.23,31.5,32.0,1260400.0
2006-02-09,32.05,32.05,30.86,31.0,824900.0
2006-02-10,31.04,31.15,30.7,30.85,1266700.0
2006-02-13,30.7,30.9,30.2,30.2,1137300.0
2006-02-14,30.35,30.57,29.16,29.41,2149600.0
2006-02-15,29.6,29.88,29.5501,29.61,876000.0
2006-02-16,29.62,30.51,29.47,30.51,1106500.0
2006-02-17,30.51,30.6,30.3,30.34,934900.0
2006-02-21,30.52,30.63,30.33,30.5,1780200.0
2006-02-22,30.5,30.76,30.13,30.76,1348500.0
2006-02-23,30.75,30.93,30.44,30.89,713300.0
2006-02-24,30.84,31.45,30.84,31.29,1065500.0
2006-02-27,31.29,31.8,31.28,31.57,957400.0
2006-02-28,31.6,31.7,30.95,31.35,763500.0
2006-03-01,31.35,31.39,29.83,29.89,3206800.0
2006-03-02,29.98,30.87,29.9,30.83,1009600.0
2006-03-03,30.83,31.23,30.52,30.75,729500.0
2006-03-06,30.74,31.25,30.67,30.94,912600.0
2006-03-07,30.9,30.9,30.0,30.19,1007300.0
2006-03-08,30.09,30.37,29.55,30.29,1297800.0
2006-03-09,30.3,31.04,30.14,30.35,949300.0
2006-03-10,30.15,30.5,30.15,30.19,939200.0
2006-03-13,29.94,30.29,29.68,29.71,1351800.0
2006-03-14,29.7,30.24,29.63,30.2,1010900.0
2006-03-15,31.15,31.15,29.3,29.36,1817900.0
2006-03-16,29.4,29.88,29.18,29.25,1180900.0
2006-03-17,29.4,29.44,29.08,29.1,975300.0
2006-03-20,29.16,29.8,29.06,29.76,993800.0
2006-03-21,29.6,29.97,29.22,29.25,817000.0
2006-03-22,29.4,29.7,29.1,29.12,959200.0
2006-03-23,29.04,29.1,28.65,28.8,2075700.0
2006-03-24,28.75,29.68,28.75,29.5,1650600.0
2006-03-27,29.4,29.43,29.15,29.27,529400.0
2006-03-28,29.0,29.16,28.54,28.58,782600.0
2006-03-29,28.5,28.55,28.09,28.42,2453900.0
2006-03-30,28.03,28.79,27.83,27.98,1762600.0
2006-03-31,27.96,28.45,27.92,28.35,1494400.0
2006-04-03,28.25,28.8,28.25,28.74,1371800.0
2006-04-04,28.74,28.91,28.0,28.32,908700.0
2006-04-05,28.29,28.56,27.45,28.53,2244800.0
2006-04-06,28.53,30.13,28.4,30.02,3842200.0
2006-04-07,30.1,30.45,29.5,29.94,1202500.0
2006-04-10,29.8,30.51,29.67,30.47,1249200.0
2006-04-11,30.37,30.52,30.05,30.21,1172800.0
2006-04-12,30.21,30.43,29.95,30.25,1443700.0
2006-04-13,30.1,30.4,29.9,30.39,803000.0
2006-04-17,30.3,30.43,30.0,30.36,821100.0
2006-04-18,30.3,30.86,30.2,30.85,1108100.0
2006-04-19,30.8,31.18,30.55,31.14,662200.0
2006-04-20,31.14,31.17,30.81,31.05,563700.0
2006-04-21,31.05,31.14,30.42,31.08,725300.0
2006-04-24,31.15,31.15,30.46,30.68,533900.0
2006-04-25,31.35,32.6,31.3,32.0,2821000.0
2006-04-26,32.25,32.48,31.93,32.43,2070200.0
2006-04-27,32.75,32.75,31.74,32.36,1069500.0
2006-04-28,33.0,33.81,32.65,33.65,1625400.0
2006-05-01,33.65,34.57,33.43,34.21,1567300.0
2006-05-02,34.21,34.49,33.76,34.04,966200.0
2006-05-03,34.0,34.3,33.61,33.99,794800.0
2006-05-04,34.0,34.49,34.0,34.4,1591300.0
2006-05-05,34.4,34.77,34.14,34.3,1140800.0
2006-05-08,34.11,34.74,34.11,34.6,1252300.0
2006-05-09,34.65,34.93,34.41,34.57,681000.0
2006-05-10,34.51,34.86,34.39,34.55,698100.0
2006-05-11,34.5,34.79,34.12,34.42,1108500.0
2006-05-12,33.8,34.05,33.2,33.43,2061200.0
2006-05-15,33.43,33.92,33.0,33.19,1073100.0
2006-05-16,33.17,33.9,32.95,33.82,1889300.0
2006-05-17,33.7099,33.82,32.42,32.95,2071700.0
2006-05-18,32.96,33.25,32.58,32.67,1601400.0
2006-05-19,32.54,32.54,31.35,31.78,2692700.0
2006-05-22,31.9,31.91,31.2,31.78,2754000.0
2006-05-23,31.78,32.75,31.68,31.8,1968500.0
2006-05-24,31.65,31.8,31.06,31.56,1288700.0
2006-05-25,31.74,32.24,31.7,32.16,1239300.0
2006-05-26,32.3,32.67,31.99,32.31,826400.0
2006-05-30,32.2,32.57,31.56,31.81,1161600.0
2006-05-31,31.8,32.2,31.48,31.77,1218500.0
2006-06-01,31.56,33.05,31.53,32.97,1826300.0
2006-06-02,33.37,33.9,33.27,33.66,1605100.0
2006-06-05,33.59,33.8,32.96,32.99,1172300.0
2006-06-06,32.84,33.16,32.58,32.9,1493500.0
2006-06-07,32.66,33.44,32.5,32.99,1764100.0
2006-06-08,32.3,32.51,31.14,31.6,3583000.0
2006-06-09,31.61,32.23,31.61,31.94,1275200.0
2006-06-12,31.76,31.76,30.08,30.08,2336600.0
2006-06-13,30.03,30.31,29.29,29.49,2248400.0
2006-06-14,29.36,30.92,29.36,30.56,2033500.0
2006-06-15,30.9,32.6508,30.85,32.41,2153500.0
2006-06-16,32.31,32.74,31.95,32.44,1738100.0
2006-06-19,32.44,32.64,31.6,32.01,1574300.0
2006-06-20,32.02,32.43,31.41,31.92,1353600.0
2006-06-21,31.89,33.46,31.73,33.12,1995700.0
2006-06-22,33.19,33.46,32.91,33.13,1442900.0
2006-06-23,33.13,33.63,33.13,33.47,1115300.0
2006-06-26,33.4,33.66,32.9,33.18,1207300.0
2006-06-27,33.19,33.33,32.82,33.07,1211300.0
2006-06-28,33.15,33.44,32.9,33.3,1551300.0
2006-06-29,33.4,34.3,33.4,34.14,1725400.0
2006-06-30,34.14,34.61,33.54,34.54,2224600.0
2006-07-03,34.79,35.29,34.79,35.03,1213600.0
2006-07-05,34.86,35.01,34.368,34.53,1762100.0
2006-07-06,34.63,35.49,34.63,35.06,963100.0
2006-07-07,35.06,35.11,34.64,34.86,999600.0
2006-07-10,34.86,35.15,34.64,34.75,1302100.0
2006-07-11,34.65,34.65,33.82,34.3,2315300.0
2006-07-12,34.35,35.12,34.14,34.67,2619300.0
2006-07-13,34.55,34.84,33.8,34.33,2768500.0
2006-07-14,34.0,34.15,32.67,33.49,3040100.0
2006-07-17,33.37,33.81,33.1,33.25,1266200.0
2006-07-18,33.4,33.77,32.52,33.25,2322300.0
2006-07-19,33.3,33.75,33.16,33.45,2021400.0
2006-07-20,34.0,34.0,33.05,33.26,881300.0
2006-07-21,33.32,33.37,32.69,33.25,991200.0
2006-07-24,33.26,33.8,33.26,33.79,839500.0
2006-07-25,33.21,33.74,32.97,33.25,1664400.0
2006-07-26,33.17,33.84,32.79,33.53,1090000.0
2006-07-27,33.59,34.13,33.54,33.86,1172700.0
2006-07-28,33.92,34.8,33.45,34.58,966100.0
2006-07-31,34.8,35.25,34.12,35.23,1150700.0
2006-08-01,35.23,35.42,34.55,35.26,1377300.0
2006-08-02,35.2,35.62,34.78,35.28,739700.0
2006-08-03,35.28,35.83,34.61,35.4,1277600.0
2006-08-04,34.99,35.41,33.48,34.03,2748200.0
2006-08-07,34.03,34.17,33.36,33.6,1477900.0
2006-08-08,33.6,34.23,33.31,34.15,1839900.0
2006-08-09,34.2,34.55,33.58,33.58,932000.0
2006-08-10,33.37,33.39,32.23,33.21,1885600.0
2006-08-11,33.21,33.24,32.5,33.0,749900.0
2006-08-14,33.03,33.146,32.26,32.57,1060900.0
2006-08-15,32.77,33.76,32.75,33.65,1201100.0
2006-08-16,33.84,34.09,33.72,33.93,816200.0
2006-08-17,33.8,34.07,33.46,33.63,1128400.0
2006-08-18,33.57,34.15,33.4,34.02,793300.0
2006-08-21,33.92,33.92,33.34,33.5,350900.0
2006-08-22,33.34,33.8,33.2,33.61,516400.0
2006-08-23,33.61,33.7,33.07,33.35,657000.0
2006-08-24,33.39,33.63,32.74,33.31,593500.0
2006-08-25,33.13,33.75,33.13,33.37,625600.0
2006-08-28,33.37,33.92,33.37,33.9,495300.0
2006-08-29,33.96,34.0,33.38,34.0,431900.0
2006-08-30,34.0,34.68,33.87,34.59,980700.0
2006-08-31,34.64,34.64,34.08,34.36,813800.0
2006-09-01,34.84,34.84,34.26,34.36,495800.0
2006-09-05,34.36,35.0,34.01,34.92,796400.0
2006-09-06,34.98,34.98,33.87,34.01,863900.0
2006-09-07,33.98,34.27,33.58,34.09,659700.0
2006-09-08,34.09,34.51,33.93,34.07,403000.0
2006-09-11,34.02,34.79,33.8,34.6,606500.0
2006-09-12,34.71,35.25,34.71,35.22,801600.0
2006-09-13,35.14,35.58,35.1,35.45,601000.0
2006-09-14,35.49,35.63,35.14,35.45,484400.0
2006-09-15,35.46,35.6,35.16,35.34,582000.0
2006-09-18,35.47,35.5,34.88,35.25,421400.0
2006-09-19,35.35,35.39,34.32,34.72,943100.0
2006-09-20,34.64,35.27,34.64,34.71,727200.0
2006-09-21,34.72,35.13,34.28,34.64,1085300.0
2006-09-22,34.64,34.74,34.23,34.4,549100.0
2006-09-25,34.57,35.47,34.14,34.94,1181900.0
2006-09-26,35.0,35.16,34.46,35.1,1179700.0
2006-09-27,34.97,35.07,34.54,34.87,707300.0
2006-09-28,34.79,35.09,34.5,35.01,687100.0
2006-09-29,35.0,35.52,34.75,35.24,941300.0
2006-10-02,35.1,35.11,34.02,34.6,1443700.0
2006-10-03,34.61,34.86,34.46,34.6,865600.0
2006-10-04,34.61,34.97,34.45,34.78,658700.0
2006-10-05,34.67,34.91,34.29,34.75,1116700.0
2006-10-06,34.03,34.45,32.85,33.1,4736900.0
2006-10-09,33.47,33.91,33.33,33.77,3037200.0
2006-10-10,33.76,33.85,33.18,33.63,2087100.0
2006-10-11,33.63,34.38,33.5,34.35,2603700.0
2006-10-12,34.53,34.88,34.46,34.52,2020000.0
2006-10-13,34.53,34.69,34.31,34.34,806600.0
2006-10-16,34.34,34.57,34.1,34.19,1098200.0
2006-10-17,34.19,34.19,33.64,33.83,1473900.0
2006-10-18,33.85,33.96,33.31,33.31,1066700.0
2006-10-19,33.26,33.59,33.25,33.35,1618400.0
2006-10-20,33.67,33.67,33.08,33.13,1704100.0
2006-10-23,33.14,33.42,33.12,33.2,1127500.0
2006-10-24,33.15,33.19,32.681,32.92,865100.0
2006-10-25,32.8,33.14,32.79,33.02,1627100.0
2006-10-26,33.5,34.98,33.5,34.6,2792000.0
2006-10-27,34.45,34.5285,34.01,34.01,893400.0
2006-10-30,34.31,34.31,33.53,33.78,1043100.0
2006-10-31,33.8,33.82,33.35,33.65,955700.0
2006-11-01,33.73,33.86,33.06,33.2,727100.0
2006-11-02,33.21,33.56,33.02,33.53,904700.0
2006-11-03,33.79,33.79,33.21,33.45,629200.0
2006-11-06,33.55,33.95,33.3,33.62,847100.0
2006-11-07,33.55,34.05,33.5,33.72,1131500.0
2006-11-08,32.31,33.7,32.31,33.11,1567000.0
2006-11-09,33.29,33.43,32.8,33.07,1075200.0
2006-11-10,32.88,32.92,32.41,32.78,842600.0
2006-11-13,32.7,32.95,32.67,32.77,1321900.0
2006-11-14,32.94,33.09,32.84,33.04,767700.0
2006-11-15,33.18,33.42,33.04,33.35,1111500.0
2006-11-16,33.53,34.39,33.53,34.2,1544100.0
2006-11-17,34.75,34.88,34.33,34.55,1202500.0
2006-11-20,34.37,34.66,34.28,34.53,754100.0
2006-11-21,34.46,34.83,34.46,34.83,1178300.0
2006-11-22,34.77,34.97,34.74,34.93,707700.0
2006-11-24,34.65,35.0,34.58,34.93,195800.0
2006-11-27,35.0,35.0,34.7,34.8,1055800.0
2006-11-28,34.8,34.8,34.26,34.4,1057100.0
2006-11-29,34.46,35.08,34.4,34.8,1713700.0
2006-11-30,34.94,35.29,34.46,34.46,1920200.0
2006-12-01,34.55,34.85,34.09,34.19,728900.0
2006-12-04,34.05,34.26,33.95,34.08,1078500.0
2006-12-05,34.16,34.298,33.67,33.8,1178200.0
2006-12-06,34.1,34.92,34.1,34.65,1525900.0
2006-12-07,34.62,34.89,34.3,34.43,981000.0
2006-12-08,34.52,34.6,34.03,34.26,577400.0
2006-12-11,34.03,34.61,34.02,34.28,763900.0
2006-12-12,34.18,34.42,33.63,33.67,789200.0
2006-12-13,33.8,33.8,33.09,33.3,1153200.0
2006-12-14,33.23,33.67,33.23,33.58,886300.0
2006-12-15,33.7,33.92,33.48,33.8,1233400.0
2006-12-18,33.8,34.0,33.21,33.32,623500.0
2006-12-19,33.3,33.43,32.84,33.18,803600.0
2006-12-20,33.32,33.66,33.07,33.14,710100.0
2006-12-21,33.16,33.33,32.86,33.09,742300.0
2006-12-22,33.1,33.14,32.1,32.22,1616900.0
2006-12-26,32.21,32.27,31.9228,31.93,588000.0
2006-12-27,31.92,32.26,31.84,32.21,703000.0
2006-12-28,32.21,32.5,32.15,32.25,715000.0
2006-12-29,32.26,32.54,32.09,32.3,580300.0
2007-01-03,32.49,32.86,31.14,31.56,2342300.0
2007-01-04,31.7,32.28,31.7,32.05,3002700.0
2007-01-05,32.1,32.5,31.75,32.09,2028200.0
2007-01-08,31.94,32.63,31.87,32.41,1247100.0
2007-01-09,32.42,33.66,32.15,32.75,1881400.0
2007-01-10,32.75,33.52,32.65,33.43,1807700.0
2007-01-11,33.51,34.07,33.41,33.9,1990800.0
2007-01-12,33.52,34.44,33.51,34.38,2069000.0
2007-01-16,34.45,34.65,33.96,34.17,1848600.0
2007-01-17,34.42,34.54,33.96,34.16,2422400.0
2007-01-18,34.16,34.73,34.16,34.46,2182000.0
2007-01-19,34.6,37.32,34.6,36.21,5550400.0
2007-01-22,36.43,36.43,35.63,35.95,1905700.0
2007-01-23,35.95,35.95,35.18,35.22,2082900.0
2007-01-24,35.23,35.44,34.94,35.24,1749500.0
2007-01-25,35.24,35.49,34.83,34.9,1121900.0
2007-01-26,34.9,35.65,34.9,35.41,2557100.0
2007-01-29,35.3,35.87,34.8,34.89,1207900.0
2007-01-30,35.0,35.25,34.93,35.11,940100.0
2007-01-31,34.93,35.16,34.52,35.16,754000.0
2007-02-01,35.19,35.19,34.48,34.84,1176300.0
2007-02-02,34.9,35.17,34.81,35.14,1193400.0
2007-02-05,34.87,35.0,34.49,34.73,1320000.0
2007-02-06,34.57,34.65,34.29,34.5,1744000.0
2007-02-07,34.51,35.37,34.46,35.02,1967300.0
2007-02-08,34.71,35.21,34.71,35.15,1690100.0
2007-02-09,35.15,35.8,34.47,34.85,1841800.0
2007-02-12,34.75,34.75,33.96,34.12,1324800.0
2007-02-13,34.4,34.67,34.1,34.22,1625800.0
2007-02-14,34.75,35.44,34.7,35.27,1547600.0
2007-02-15,35.33,35.55,35.15,35.39,1047900.0
2007-02-16,35.2,35.45,34.77,34.88,1016000.0
2007-02-20,34.88,35.13,34.64,34.84,1814400.0
2007-02-21,34.86,34.9,34.38,34.55,1156600.0
2007-02-22,34.65,35.0,34.41,34.5,1044000.0
2007-02-23,34.36,34.76,34.04,34.45,1227100.0
2007-02-26,34.67,35.01,34.31,34.9,1623000.0
2007-02-27,34.4,34.76,33.15,33.28,1308900.0
2007-02-28,33.14,33.4,32.29,32.71,3578800.0
2007-03-01,32.2,32.58,31.71,32.08,2495500.0
2007-03-02,32.09,32.25,31.11,31.48,2821800.0
2007-03-05,31.1,31.38,30.42,30.66,2354400.0
2007-03-06,30.91,31.55,30.71,31.38,2844700.0
2007-03-07,31.21,31.68,31.11,31.59,1556900.0
2007-03-08,31.69,32.3,31.59,32.2,2921700.0
2007-03-09,32.55,32.6,32.3,32.47,1556700.0
2007-03-12,32.27,33.44,32.2,33.36,2408100.0
2007-03-13,33.11,33.35,32.39,32.56,2391600.0
2007-03-14,32.42,32.53,31.72,32.41,3150100.0
2007-03-15,32.41,32.76,32.23,32.74,1262600.0
2007-03-16,32.7,33.21,32.56,33.02,1244300.0
2007-03-19,33.15,33.37,33.05,33.28,1120600.0
2007-03-20,33.0166,33.3,32.81,33.1,1518000.0
2007-03-21,33.23,33.87,32.98,33.69,1420400.0
2007-03-22,34.58,34.58,33.33,33.46,1194300.0
2007-03-23,33.53,33.74,33.39,33.47,545600.0
2007-03-26,33.27,33.35,32.86,33.16,945200.0
2007-03-27,33.1,33.1,32.6,32.79,1482600.0
2007-03-28,32.57,32.66,32.37,32.46,1089200.0
2007-03-29,32.5,32.67,32.0,32.23,1207200.0
2007-03-30,32.14,32.47,31.85,32.13,1011900.0
2007-04-02,32.11,32.44,32.03,32.3,1034500.0
2007-04-03,32.39,32.71,32.29,32.49,1081700.0
2007-04-04,32.56,32.63,32.0,32.3,1036000.0
2007-04-05,32.3,32.38,32.01,32.26,1113000.0
2007-04-09,32.28,32.86,32.16,32.82,1783200.0
2007-04-10,32.87,33.32,32.79,33.06,1042700.0
2007-04-11,33.06,33.06,32.52,32.98,1612100.0
2007-04-12,33.0,33.78,32.85,33.72,2107300.0
2007-04-13,33.72,34.47,33.48,34.15,1254200.0
2007-04-16,34.35,34.91,34.2,34.51,2323100.0
2007-04-17,35.02,35.02,34.01,34.65,2903100.0
2007-04-18,34.65,34.92,34.42,34.8,908700.0
2007-04-19,35.0,35.0,34.39,34.78,1163600.0
2007-04-20,34.86,35.09,33.97,34.93,1601100.0
2007-04-23,34.99,34.99,34.6401,34.81,1239900.0
2007-04-24,34.99,34.99,34.6,34.69,694200.0
2007-04-25,34.76,35.35,34.74,35.16,1806700.0
2007-04-26,35.2348,35.32,34.76,35.11,904500.0
2007-04-27,34.89,35.04,34.49,35.0,1302100.0
2007-04-30,34.92,34.96,34.2,34.34,1892900.0
2007-05-01,34.38,34.67,34.15,34.67,1149900.0
2007-05-02,34.5,35.69,34.47,35.19,1632600.0
2007-05-03,35.07,35.24,33.68,34.17,2575800.0
2007-05-04,34.17,34.47,33.66,34.3,1850200.0
2007-05-07,34.24,34.41,34.0,34.03,2230300.0
2007-05-08,34.24,34.25,33.52,34.17,1761700.0
2007-05-09,33.94,35.12,33.91,35.02,2700300.0
2007-05-10,34.67,34.9,34.27,34.5,2337900.0
2007-05-11,34.44,35.05,34.3,34.95,1319300.0
2007-05-14,34.93,35.8,34.85,35.56,2335700.0
2007-05-15,35.51,36.0,35.31,35.52,1812500.0
2007-05-16,35.75,36.0,35.45,35.96,1249600.0
2007-05-17,35.86,35.92,35.59,35.59,1228600.0
2007-05-18,35.64,35.91,35.46,35.63,1175700.0
2007-05-21,35.82,36.33,35.77,36.31,1051200.0
2007-05-22,36.14,36.23,35.75,35.87,700900.0
2007-05-23,35.99,36.25,35.95,36.08,585800.0
2007-05-24,35.87,36.09,35.03,35.29,1296800.0
2007-05-25,35.5,35.7,35.32,35.44,556100.0
2007-05-29,35.39,35.86,35.29,35.78,803400.0
2007-05-30,35.51,36.44,35.44,36.41,1534300.0
2007-05-31,36.46,37.0,36.36,36.82,1258200.0
2007-06-01,36.99,37.32,36.86,37.32,984400.0
2007-06-04,37.3,37.46,37.24,37.35,1516400.0
2007-06-05,37.12,37.69,37.12,37.47,2397200.0
2007-06-06,37.26,37.27,36.61,36.73,912700.0
2007-06-07,36.59,36.7,35.68,35.84,1264200.0
2007-06-08,35.48,35.78,35.2,35.63,1135000.0
2007-06-11,35.63,35.81,35.33,35.5,4993300.0
2007-06-12,35.46,35.5,35.19,35.24,1656900.0
2007-06-13,35.27,35.45,35.0,35.1,1320100.0
2007-06-14,35.0,35.48,34.91,35.16,1146600.0
2007-06-15,35.19,35.61,35.1,35.35,1405300.0
2007-06-18,36.0,36.78,35.99,36.37,2241200.0
2007-06-19,36.19,36.37,35.81,35.96,1324600.0
2007-06-20,35.82,36.19,35.32,35.32,1485000.0
2007-06-21,35.125,35.13,34.82,34.95,1725800.0
2007-06-22,34.86,35.14,34.56,34.93,7486400.0
2007-06-25,34.82,34.87,34.34,34.43,1333100.0
2007-06-26,34.43,34.44,33.95,34.08,1053600.0
2007-06-27,33.96,35.0,33.74,35.0,3476200.0
2007-06-28,34.85,36.13,34.75,35.83,7543100.0
2007-06-29,36.15,36.5,35.6,36.27,6817100.0
2007-07-02,36.3,37.0,36.29,36.9,3530600.0
2007-07-03,37.0,37.33,36.83,36.99,1711000.0
2007-07-05,36.9,37.05,36.72,36.87,1902900.0
2007-07-06,36.66,37.44,36.66,37.35,1797600.0
2007-07-09,37.27,37.48,36.96,37.2,1750300.0
2007-07-10,36.84,37.19,36.79,36.87,2203000.0
2007-07-11,36.87,37.48,36.69,37.4,4317800.0
2007-07-12,37.72,38.08,37.45,38.05,2069900.0
2007-07-13,38.22,38.22,37.82,37.99,1485800.0
2007-07-16,37.98,38.37,37.64,38.04,857600.0
2007-07-17,38.19,38.62,38.0,38.27,1527000.0
2007-07-18,38.0,38.13,37.65,38.1,1265100.0
2007-07-19,38.19,38.7,38.09,38.57,1521500.0
2007-07-20,38.42,38.81,37.99,38.18,1279200.0
2007-07-23,38.4,38.5,37.72,37.95,1908400.0
2007-07-24,37.8,38.47,37.51,37.87,1742200.0
2007-07-25,38.1,38.41,37.0,37.07,2280400.0
2007-07-26,36.01,36.83,35.39,36.05,2383800.0
2007-07-27,36.0,36.59,35.5,35.51,1905100.0
2007-07-30,36.19,36.67,35.54,36.63,1665700.0
2007-07-31,36.99,37.4,35.91,36.25,2609900.0
2007-08-01,36.15,36.2,34.4,35.71,3002200.0
2007-08-02,35.98,37.8,35.88,37.54,3172600.0
2007-08-03,37.34,38.5,36.66,36.75,3023600.0
2007-08-06,37.16,37.16,35.68,36.89,3134900.0
2007-08-07,36.9,37.71,36.46,37.44,2772600.0
2007-08-08,38.33,40.63,36.55,39.3,5296500.0
2007-08-09,38.95,39.65,38.2,38.99,5690400.0
2007-08-10,37.09,39.24,37.09,37.99,3362200.0
2007-08-13,37.1,39.51,37.1,38.1,1867900.0
2007-08-14,38.16,38.33,36.73,36.81,1186800.0
2007-08-15,36.7,36.97,35.35,35.54,1373400.0
2007-08-16,35.01,35.59,33.4,35.08,3414600.0
2007-08-17,36.0,36.59,35.52,36.43,2349300.0
2007-08-20,36.44,36.61,35.86,36.34,655900.0
2007-08-21,36.06,36.26,35.75,36.11,962900.0
2007-08-22,36.25,37.36,36.09,37.22,1183700.0
2007-08-23,37.23,37.62,36.38,36.52,1204200.0
2007-08-24,36.76,37.34,36.65,37.21,906600.0
2007-08-27,37.01,37.25,36.77,37.03,865900.0
2007-08-28,36.91,36.92,35.88,35.89,1397900.0
2007-08-29,36.09,36.73,35.81,36.54,1804600.0
2007-08-30,36.4,36.83,35.97,36.03,1214900.0
2007-08-31,36.63,37.04,36.19,36.76,1451300.0
2007-09-04,36.97,37.09,36.33,36.83,1512100.0
2007-09-05,36.59,36.59,36.01,36.25,1138800.0
2007-09-06,36.21,36.75,36.16,36.31,957100.0
2007-09-07,36.03,36.13,35.16,35.76,1224700.0
2007-09-10,35.72,35.93,35.05,35.59,717100.0
2007-09-11,35.67,37.09,35.55,36.99,1032400.0
2007-09-12,36.94,37.25,36.82,36.84,791300.0
2007-09-13,37.15,37.57,37.0,37.49,593600.0
2007-09-14,37.29,37.86,37.12,37.86,865400.0
2007-09-17,37.68,38.43,37.53,37.76,1191600.0
2007-09-18,37.96,39.14,37.82,39.14,1702700.0
2007-09-19,39.11,39.51,38.42,38.57,1367000.0
2007-09-20,38.56,38.93,38.27,38.57,844300.0
2007-09-21,38.63,39.23,38.6,38.99,3656700.0
2007-09-24,38.91,39.88,38.91,39.15,1040600.0
2007-09-25,38.78,39.37,38.6,38.94,932800.0
2007-09-26,38.98,39.55,38.77,39.46,1116300.0
2007-09-27,39.82,41.03,39.6,40.89,1555000.0
2007-09-28,41.08,41.69,40.37,40.63,1104800.0
2007-10-01,40.84,41.44,40.635,40.78,1533600.0
2007-10-02,40.46,40.52,39.74,39.97,2515900.0
2007-10-03,39.96,39.96,39.02,39.03,1611500.0
2007-10-04,39.06,39.93,39.01,39.74,1795600.0
2007-10-05,40.2,40.4,38.57,38.9,2138200.0
2007-10-08,38.9,39.03,37.7,38.71,1572000.0
2007-10-09,38.79,39.37,38.78,39.0,1349600.0
2007-10-10,38.97,39.26,38.77,39.05,594900.0
2007-10-11,39.22,39.58,38.3,38.89,1854100.0
2007-10-12,38.86,39.17,38.67,39.0,591800.0
2007-10-15,38.95,39.0,38.06,38.41,720600.0
2007-10-16,38.23,38.42,37.91,38.03,786000.0
2007-10-17,38.45,39.06,38.0,39.06,1396100.0
2007-10-18,38.65,39.15,38.53,38.62,1057100.0
2007-10-19,38.46,39.1,38.06,38.35,1345900.0
2007-10-22,38.0,39.39,38.0,39.31,954200.0
2007-10-23,39.96,40.15,39.42,40.11,976100.0
2007-10-24,39.87,40.44,39.0,40.44,1145600.0
2007-10-25,40.47,41.0,40.21,40.99,1304300.0
2007-10-26,41.1,41.75,40.95,41.2,2697900.0
2007-10-29,41.56,41.68,41.07,41.07,2304000.0
2007-10-30,40.9,41.99,39.93,41.32,3056800.0
2007-10-31,39.5,41.2,38.99,41.07,5328500.0
2007-11-01,40.9,41.24,39.53,39.95,2899700.0
2007-11-02,40.21,40.77,39.88,40.55,2293800.0
2007-11-05,39.77,40.97,39.63,40.34,1641700.0
2007-11-06,40.74,40.75,39.46,40.3,1781800.0
2007-11-07,40.0,40.15,38.68,38.75,1406600.0
2007-11-08,38.85,39.12,37.88,38.99,2389800.0
2007-11-09,38.96,38.96,36.42,36.86,4555400.0
2007-11-12,36.76,37.58,36.11,36.93,2995300.0
2007-11-13,37.55,39.72,37.39,39.26,2764000.0
2007-11-14,39.31,40.51,39.27,40.3,3117900.0
2007-11-15,40.2,41.11,39.75,40.62,2622900.0
2007-11-16,40.48,41.22,40.25,41.17,3063100.0
2007-11-19,41.1,41.29,40.54,41.02,2188700.0
2007-11-20,41.0,42.05,40.26,41.38,3825900.0
2007-11-21,41.18,41.31,40.36,40.7,1648800.0
2007-11-23,41.07,41.21,40.69,41.13,493200.0
2007-11-26,41.03,41.97,40.8,40.86,1708900.0
2007-11-27,41.3,41.3,40.34,40.56,1905900.0
2007-11-28,40.56,41.6,40.38,40.91,2306000.0
2007-11-29,40.8,41.46,40.8,41.29,2314700.0
2007-11-30,41.97,42.0,41.47,41.95,2014100.0
2007-12-03,42.05,43.16,41.78,42.75,3044500.0
2007-12-04,41.75,42.0,40.14,40.69,3452700.0
2007-12-05,41.21,41.6,40.89,41.31,3362500.0
2007-12-06,40.93,41.42,40.04,40.77,2223800.0
2007-12-07,40.57,42.38,40.57,42.05,6902300.0
2007-12-10,42.1,42.46,41.63,41.7,1080300.0
2007-12-11,41.78,41.93,39.83,40.22,3421400.0
2007-12-12,40.9,41.0,38.44,39.16,2476300.0
2007-12-13,39.2,39.2,38.01,38.88,1375000.0
2007-12-14,38.8,39.1,38.54,38.82,854700.0
2007-12-17,38.6,38.8,37.92,38.02,1533600.0
2007-12-18,38.03,39.35,38.03,39.17,1443500.0
2007-12-19,39.37,39.79,38.79,39.7,1854200.0
2007-12-20,39.7,40.55,39.7,40.53,1125200.0
2007-12-21,40.98,41.28,40.73,41.16,830400.0
2007-12-24,41.51,41.51,40.79,41.09,342300.0
2007-12-26,41.17,42.09,41.04,41.99,648600.0
2007-12-27,41.98,42.0,41.0,41.1,727700.0
2007-12-28,41.61,41.72,41.0,41.53,644100.0
2007-12-31,41.57,41.85,40.73,41.6,1171600.0
2008-01-02,41.4,41.67,39.8,40.12,1397400.0
2008-01-03,40.11,40.13,38.89,39.25,2406300.0
2008-01-04,39.13,39.23,38.21,38.63,1644300.0
2008-01-07,38.9,38.99,37.49,38.34,1636200.0
2008-01-08,38.4,39.46,37.99,38.03,2605500.0
2008-01-09,37.75,38.6,37.37,38.49,3403100.0
2008-01-10,38.81,39.13,38.02,38.3,2236800.0
2008-01-11,38.0,38.2,36.74,37.37,2735600.0
2008-01-14,37.38,37.69,36.96,37.05,1751100.0
2008-01-15,36.59,37.72,36.32,37.09,2787600.0
2008-01-16,36.85,37.17,35.87,36.15,2650600.0
2008-01-17,36.74,36.99,35.7,35.94,2326900.0
2008-01-18,34.88,36.2,33.55,34.02,5279800.0
2008-01-22,32.59,33.84,31.96,33.5,3708400.0
2008-01-23,33.33,33.45,30.35,33.17,8630300.0
2008-01-24,33.06,34.49,33.06,34.31,2906000.0
2008-01-25,34.97,34.97,33.76,34.03,2875800.0
2008-01-28,34.12,34.32,33.36,34.24,1144500.0
2008-01-29,34.34,36.16,34.24,35.81,2856100.0
2008-01-30,36.01,36.2,35.08,35.15,2223500.0
2008-01-31,34.62,36.47,34.54,36.12,2488700.0
2008-02-01,36.11,37.06,36.07,37.0,1776300.0
2008-02-04,37.31,37.31,36.3,36.56,937200.0
2008-02-05,35.79,36.06,34.88,35.11,2837200.0
2008-02-06,35.99,35.99,34.71,34.8,2111800.0
2008-02-07,34.45,34.57,32.73,33.21,4667800.0
2008-02-08,33.17,34.38,33.01,33.9,3356900.0
2008-02-11,33.83,35.02,33.71,34.75,2096300.0
2008-02-12,34.93,35.79,34.58,34.99,2226100.0
2008-02-13,35.18,35.65,34.62,35.11,2734900.0
2008-02-14,36.74,36.74,34.69,34.96,2019700.0
2008-02-15,34.9,35.55,34.52,35.36,1411900.0
2008-02-19,35.89,36.33,35.72,36.11,2858600.0
2008-02-20,35.89,37.07,35.54,36.62,2665000.0
2008-02-21,36.68,36.88,35.97,36.09,1362100.0
2008-02-22,36.03,37.0,36.03,37.0,1887200.0
2008-02-25,37.0,37.15,36.25,37.03,1057000.0
2008-02-26,36.88,38.26,36.6,37.91,1792300.0
2008-02-27,37.4,37.9,37.24,37.42,1291000.0
2008-02-28,37.15,38.29,36.94,37.07,1674500.0
2008-02-29,36.89,36.89,35.68,36.09,1646000.0
2008-03-03,35.95,36.19,35.34,35.85,1312300.0
2008-03-04,35.6,35.6,34.53,35.28,2268700.0
2008-03-05,35.63,36.45,35.28,35.75,2511100.0
2008-03-06,35.34,35.72,35.1,35.35,1598400.0
2008-03-07,34.93,35.76,34.43,35.03,4830000.0
2008-03-10,34.79,34.9,33.72,34.0,1805100.0
2008-03-11,34.36,35.03,33.82,34.99,1600400.0
2008-03-12,34.95,35.03,34.32,34.59,1262500.0
2008-03-13,34.1,35.61,34.05,35.35,1589600.0
2008-03-14,35.51,35.84,34.1,34.45,1744000.0
2008-03-17,33.76,34.13,32.56,33.36,2938700.0
2008-03-18,33.41,34.56,33.27,33.9,3738900.0
2008-03-19,34.14,34.47,33.42,33.42,2314000.0
2008-03-20,32.9,33.68,32.84,33.51,2883200.0
2008-03-24,33.5634,35.31,33.51,34.73,2541200.0
2008-03-25,34.8,35.46,34.41,35.25,1724000.0
2008-03-26,35.21,36.17,35.21,35.72,1927100.0
2008-03-27,35.91,35.98,34.94,35.05,1485900.0
2008-03-28,35.17,35.29,34.17,34.51,2371200.0
2008-03-31,34.61,34.69,33.96,34.49,1406300.0
2008-04-01,34.77,35.53,34.69,35.27,1570500.0
2008-04-02,35.54,37.01,35.32,36.42,2792000.0
2008-04-03,36.32,37.76,36.05,37.26,1705300.0
2008-04-04,37.21,37.82,36.95,37.39,1538900.0
2008-04-07,37.44,37.81,36.92,37.09,1357000.0
2008-04-08,37.01,37.9,37.0,37.71,1432400.0
2008-04-09,37.6,37.88,36.8001,37.04,785200.0
2008-04-10,36.86,37.0,35.94,36.53,1537900.0
2008-04-11,37.26,39.04,36.25,36.43,1847000.0
2008-04-14,36.24,37.07,35.92,36.5,1106100.0
2008-04-15,36.85,37.19,36.43,37.07,1161300.0
2008-04-16,37.07,38.15,37.07,37.99,2368600.0
2008-04-17,37.71,38.18,37.29,37.94,892900.0
2008-04-18,38.39,39.23,38.31,38.83,1912300.0
2008-04-21,38.46,39.49,38.46,39.46,979800.0
2008-04-22,39.49,39.53,38.42,38.99,1542900.0
2008-04-23,39.16,39.86,38.77,39.0,2866400.0
2008-04-24,38.02,39.54,38.02,38.92,2751900.0
2008-04-25,38.79,39.31,38.37,39.2,1499400.0
2008-04-28,39.45,39.75,39.14,39.15,2426500.0
2008-04-29,39.17,39.19,38.55,38.75,1026300.0
2008-04-30,39.18,39.45,38.67,38.85,1295100.0
2008-05-01,38.58,39.4,38.43,39.37,1351200.0
2008-05-02,39.75,40.0,39.12,39.44,1246900.0
2008-05-05,39.37,39.44,38.0,39.02,3140600.0
2008-05-06,38.73,39.65,38.65,39.35,1786500.0
2008-05-07,41.25,41.35,39.72,40.61,5734800.0
2008-05-08,41.05,41.08,40.23,40.63,1196700.0
2008-05-09,40.39,41.1,40.22,40.51,1351200.0
2008-05-12,40.46,41.21,40.12,41.07,1481900.0
2008-05-13,41.06,41.38,40.72,41.38,1241900.0
2008-05-14,41.39,42.48,41.39,42.2,1633000.0
2008-05-15,42.36,42.36,41.59,42.21,1773700.0
2008-05-16,41.64,42.8,41.6,42.62,1757400.0
2008-05-19,42.51,43.24,42.36,42.7,1027300.0
2008-05-20,42.5,42.5,41.85,42.32,897200.0
2008-05-21,42.63,42.63,40.98,41.49,1181600.0
2008-05-22,41.39,41.53,40.62,40.96,1193000.0
2008-05-23,40.88,41.04,40.54,40.88,558000.0
2008-05-27,41.0,41.7,40.77,41.35,1019600.0
2008-05-28,41.3,41.73,40.91,41.55,525500.0
2008-05-29,41.29,41.94,41.29,41.66,914300.0
2008-05-30,41.74,42.66,41.74,42.49,1257600.0
2008-06-02,42.34,42.39,41.53,41.8,828000.0
2008-06-03,41.82,42.19,41.0,41.4,764200.0
2008-06-04,40.13,41.17,39.9,40.83,1984300.0
2008-06-05,41.05,41.51,39.85,41.41,2761100.0
2008-06-06,40.51,40.54,39.37,39.78,2398800.0
2008-06-09,40.1,40.82,39.62,40.54,1706900.0
2008-06-10,40.52,42.1,40.26,41.73,2811100.0
2008-06-11,41.72,41.73,40.4,40.52,1402300.0
2008-06-12,40.74,41.3,40.2,40.48,1001900.0
2008-06-13,40.67,41.48,40.59,41.35,816700.0
2008-06-16,41.14,42.28,40.86,41.99,1070400.0
2008-06-17,42.09,42.82,41.82,42.36,1086800.0
2008-06-18,42.3,42.3,41.5,42.02,810800.0
2008-06-19,42.06,42.51,41.781,42.47,1199300.0
2008-06-20,41.44,42.17,41.3,41.4,1093500.0
2008-06-23,41.31,41.49,40.52,40.75,1218400.0
2008-06-24,40.79,40.79,39.76,40.29,940500.0
2008-06-25,40.21,41.27,40.21,40.31,1150000.0
2008-06-26,39.75,40.05,39.0,39.0,1763200.0
2008-06-27,38.95,39.77,38.37,38.83,4579600.0
2008-06-30,38.83,39.28,38.68,38.73,2005700.0
2008-07-01,38.3,38.33,36.77,37.71,2712200.0
2008-07-02,37.9,38.06,36.05,36.2,2662600.0
2008-07-03,37.1,38.19,36.43,36.69,2365700.0
2008-07-07,36.76,37.04,35.47,36.03,2860800.0
2008-07-08,36.07,36.89,35.78,36.82,3527400.0
2008-07-09,36.88,37.54,36.26,36.38,2109700.0
2008-07-10,36.44,36.93,35.82,36.59,1505700.0
2008-07-11,35.99,36.32,35.11,35.99,1678200.0
2008-07-14,35.99,36.53,35.26,35.58,1838000.0
2008-07-15,35.13,35.95,34.39,35.32,1962900.0
2008-07-16,35.17,36.02,34.9,36.01,1092900.0
2008-07-17,35.94,36.83,35.5,35.91,1833700.0
2008-07-18,35.79,36.06,35.24,35.43,1250900.0
2008-07-21,35.69,36.08,35.3,35.43,1256800.0
2008-07-22,35.07,35.39,34.45,35.33,1621900.0
2008-07-23,35.57,37.37,35.31,36.03,2387300.0
2008-07-24,36.22,36.495,35.5,35.64,1985400.0
2008-07-25,37.52,38.0,36.4,37.25,3328500.0
2008-07-28,37.25,37.42,36.59,36.77,1732200.0
2008-07-29,37.05,37.58,36.86,37.42,1585500.0
2008-07-30,37.78,38.91,37.71,38.85,1541900.0
2008-07-31,38.73,38.79,38.02,38.2,1641300.0
2008-08-01,38.45,38.48,37.18,37.42,1587500.0
2008-08-04,37.47,37.65,36.08,36.45,1720100.0
2008-08-05,36.81,36.81,36.11,36.57,2133800.0
2008-08-06,36.67,37.272,36.29,37.22,1722100.0
2008-08-07,36.8,37.1,36.0,36.16,1315600.0
2008-08-08,36.29,37.27,35.88,36.99,3439100.0
2008-08-11,36.76,37.93,36.73,37.56,1994700.0
2008-08-12,37.52,37.76,37.34,37.48,1173400.0
2008-08-13,37.59,37.59,37.13,37.43,1220400.0
2008-08-14,37.2,37.9,37.2,37.77,681800.0
2008-08-15,37.87,38.2,37.65,38.07,822800.0
2008-08-18,38.26,38.39,37.55,37.83,1719100.0
2008-08-19,37.53,37.53,36.96,37.2,4026500.0
2008-08-20,37.3,37.87,37.3,37.51,886000.0
2008-08-21,37.17,37.83,37.11,37.65,918700.0
2008-08-22,37.95,38.19,37.76,37.94,1383500.0
2008-08-25,37.8,37.8,36.69,36.92,681600.0
2008-08-26,37.01,37.15,36.08,36.39,954500.0
2008-08-27,36.5,37.05,36.19,36.93,737400.0
2008-08-28,37.08,38.06,36.95,37.88,1185000.0
2008-08-29,37.71,37.71,37.03,37.4,818000.0
2008-09-02,38.0,38.11,37.16,37.42,1560200.0
2008-09-03,37.4,37.6,36.44,36.7,1663600.0
2008-09-04,36.38,36.41,35.05,35.41,1483300.0
2008-09-05,35.0,35.24,34.13,35.12,2320600.0
2008-09-08,35.95,36.02,35.15,35.94,1132100.0
2008-09-09,36.25,36.54,34.53,34.86,2249600.0
2008-09-10,35.17,35.36,33.94,34.04,4060700.0
2008-09-11,33.65,34.02,33.06,33.82,2570800.0
2008-09-12,33.38,34.29,33.31,34.09,1673000.0
2008-09-15,33.49,33.81,32.7,32.78,1973600.0
2008-09-16,32.04,33.6,31.73,33.52,3309100.0
2008-09-17,32.8,33.16,30.99,31.03,2655700.0
2008-09-18,31.48,32.26,27.54,31.94,5763100.0
2008-09-19,33.71,38.0,32.34,35.25,6473500.0
2008-09-22,35.36,35.36,32.37,32.78,2084600.0
2008-09-23,32.725,32.84,30.51,31.23,2829200.0
2008-09-24,31.01,31.02,30.3,30.7,2933600.0
2008-09-25,31.0,32.29,30.52,31.67,4484800.0
2008-09-26,30.82,31.62,30.56,31.47,3237400.0
2008-09-29,30.85,30.89,26.37,27.17,5356900.0
2008-09-30,27.57,29.25,27.24,28.97,6278000.0
2008-10-01,28.45,28.75,27.83,28.27,2866500.0
2008-10-02,27.96,28.13,24.84,25.23,4859800.0
2008-10-03,25.41,26.71,24.65,25.02,3636800.0
2008-10-06,24.21,24.7,21.82,23.33,5347500.0
2008-10-07,23.84,24.74,21.89,22.02,4927600.0
2008-10-08,21.06,22.18,19.97,21.4,6256000.0
2008-10-09,21.51,22.47,19.13,20.1,3156500.0
2008-10-10,19.02,19.7,16.97,18.5,7424000.0
2008-10-13,19.52,22.12,19.24,21.65,8466700.0
2008-10-14,22.59,23.91,21.43,21.43,3812900.0
2008-10-15,21.21,21.48,19.5,19.51,5049800.0
2008-10-16,19.94,20.48,19.0,20.15,4906300.0
2008-10-17,19.94,22.8,19.54,22.16,3223100.0
2008-10-20,22.47,22.77,21.66,22.77,2863700.0
2008-10-21,22.24,22.57,21.43,21.53,1984100.0
2008-10-22,20.0,20.4,19.53,20.03,3669600.0
2008-10-23,20.03,20.25,18.05,19.21,4912400.0
2008-10-24,17.62,18.47,15.96,18.11,4017600.0
2008-10-27,17.6,18.6,17.53,17.62,3386600.0
2008-10-28,17.81,19.49,17.48,19.49,4493300.0
2008-10-29,19.19,20.34,18.91,19.67,4311300.0
2008-10-30,20.65,21.5,20.06,21.09,4122000.0
2008-10-31,20.86,21.61,20.27,21.17,2792000.0
2008-11-03,21.41,21.79,20.98,21.78,1658100.0
2008-11-04,22.16,23.21,21.81,22.44,3311400.0
2008-11-05,22.38,22.76,20.62,20.75,2467500.0
2008-11-06,20.78,20.93,17.15,17.53,4124400.0
2008-11-07,17.5,18.33,16.97,17.28,6250600.0
2008-11-10,17.3,18.07,16.85,17.07,3083500.0
2008-11-11,16.98,17.05,16.12,16.12,1798600.0
2008-11-12,16.14,16.31,12.1,13.32,6491600.0
2008-11-13,13.32,14.05,12.65,13.56,10837500.0
2008-11-14,13.38,14.85,13.07,14.06,8210000.0
2008-11-17,13.79,14.69,13.57,13.92,3921600.0
2008-11-18,14.0,14.17,12.53,13.11,5119800.0
2008-11-19,13.11,13.37,12.16,12.32,4217700.0
2008-11-20,12.32,12.32,10.44,10.65,6204200.0
2008-11-21,10.92,11.13,8.75,10.19,9174200.0
2008-11-24,10.45,12.16,10.07,12.03,9814300.0
2008-11-25,12.63,13.1,11.97,12.92,6107200.0
2008-11-26,12.49,14.24,12.1,13.92,4098000.0
2008-11-28,13.95,14.18,13.43,14.07,1887900.0
2008-12-01,13.98,13.98,12.73,12.75,3741800.0
2008-12-02,12.99,14.25,12.73,14.19,3623200.0
2008-12-03,13.77,15.69,13.39,15.35,5364600.0
2008-12-04,15.3,16.18,14.8,15.41,5217800.0
2008-12-05,15.4,17.67,14.92,17.52,5715900.0
2008-12-08,17.96,18.62,17.02,18.18,5138500.0
2008-12-09,17.92,19.3791,17.5,18.92,6415900.0
2008-12-10,18.87,19.42,18.1927,18.83,3335200.0
2008-12-11,18.42,19.25,17.6,17.87,2641400.0
2008-12-12,16.96,18.24,16.96,17.67,2542600.0
2008-12-15,17.88,17.92,16.57,17.01,2017800.0
2008-12-16,17.42,18.26,16.4,17.61,3756000.0
2008-12-17,17.28,18.3,17.17,18.07,3495100.0
2008-12-18,17.51,18.43,17.37,17.76,3480700.0
2008-12-19,17.97,18.12,17.25,17.46,2692400.0
2008-12-22,17.46,17.73,16.38,16.94,2303900.0
2008-12-23,16.99,17.38,16.46,16.74,1421400.0
2008-12-24,16.75,16.79,16.28,16.5,443300.0
2008-12-26,16.54,17.07,16.22,16.98,764000.0
2008-12-29,16.92,16.92,16.07,16.37,1187900.0
2008-12-30,16.37,17.11,16.26,17.01,1267600.0
2008-12-31,17.02,17.89,16.835,17.58,2677300.0
2009-01-02,17.47,18.54,16.94,18.43,2026200.0
2009-01-05,18.46,19.68,18.08,19.59,2757500.0
2009-01-06,19.25,20.04,18.85,19.69,2995800.0
2009-01-07,19.5,20.14,18.87,19.83,4544700.0
2009-01-08,19.63,20.21,18.82,20.0,2177900.0
2009-01-09,20.27,20.8,19.57,20.07,3023900.0
2009-01-12,19.86,19.95,18.82,19.12,2251300.0
2009-01-13,19.18,19.65,18.59,19.18,2130000.0
2009-01-14,18.86,18.87,17.78,18.25,1935600.0
2009-01-15,18.41,18.46,17.0,18.1,2564800.0
2009-01-16,18.5,18.99,17.89,18.7,1850800.0
2009-01-20,18.66,18.66,16.96,17.02,1629300.0
2009-01-21,17.5,18.72,16.97,18.72,2383700.0
2009-01-22,18.29,20.35,18.29,20.0,4773800.0
2009-01-23,19.09,19.86,18.39,19.65,4960900.0
2009-01-26,19.58,20.23,19.42,19.71,2993100.0
2009-01-27,19.99,20.2,18.69,19.59,2521600.0
2009-01-28,19.67,20.79,19.67,20.68,2283100.0
2009-01-29,20.39,20.44,19.85,19.95,1537800.0
2009-01-30,19.84,20.33,19.23,19.52,2627700.0
2009-02-02,19.45,19.54,18.78,19.31,1504500.0
2009-02-03,19.52,20.6,19.23,20.52,2590100.0
2009-02-04,20.38,21.15,19.72,19.96,3114100.0
2009-02-05,19.69,20.26,19.4,20.02,1936900.0
2009-02-06,20.31,20.64,19.85,20.51,1747300.0
2009-02-09,20.32,20.47,19.69,20.21,1508700.0
2009-02-10,20.0,20.51,18.82,18.98,1932000.0
2009-02-11,19.13,19.51,18.9,19.33,1180100.0
2009-02-12,18.7,19.44,18.57,19.39,1771600.0
2009-02-13,19.17,19.78,19.1,19.17,1892400.0
2009-02-17,18.49,18.67,17.31,17.51,2820200.0
2009-02-18,17.84,17.84,16.22,16.8,4656200.0
2009-02-19,17.22,17.22,15.7401,15.99,3199000.0
2009-02-20,15.45,17.03,15.45,16.83,3257200.0
2009-02-23,16.84,16.99,15.83,15.9,2176600.0
2009-02-24,15.94,16.91,15.5,16.8,3189500.0
2009-02-25,16.5,18.25,15.88,17.76,4223700.0
2009-02-26,18.28,18.75,17.53,17.7,3269400.0
2009-02-27,17.05,17.89,16.81,17.54,3726500.0
2009-03-02,16.98,17.32,16.24,16.39,2409200.0
2009-03-03,16.54,16.7,15.4,15.84,3967900.0
2009-03-04,16.33,17.47,16.21,17.14,3645300.0
2009-03-05,16.68,16.99,16.3902,16.51,3231000.0
2009-03-06,17.03,17.03,16.44,16.74,3155700.0
2009-03-09,16.39,17.08,16.39,16.71,2050200.0
2009-03-10,16.86,18.54,16.79,18.48,2484900.0
2009-03-11,18.6,19.67,18.56,19.4,3152400.0
2009-03-12,18.62,20.3,18.4,20.19,3917200.0
2009-03-13,20.47,20.47,19.32,20.23,1862100.0
2009-03-16,20.34,20.61,19.19,19.26,1805900.0
2009-03-17,18.97,19.81,18.84,19.57,3280700.0
2009-03-18,19.69,20.32,19.06,20.09,3131100.0
2009-03-19,20.23,20.42,19.71,20.05,1692900.0
2009-03-20,20.12,20.32,19.3,19.45,1379100.0
2009-03-23,19.96,21.1,19.65,21.1,1849300.0
2009-03-24,20.85,21.7,20.85,20.98,1927400.0
2009-03-25,21.26,21.78,20.5,21.37,1456100.0
2009-03-26,21.31,21.99,21.15,21.61,2756800.0
2009-03-27,21.08,21.75,20.82,21.57,1561400.0
2009-03-30,21.0,21.28,20.31,20.53,2205500.0
2009-03-31,20.75,20.87,20.41,20.41,1858000.0
2009-04-01,20.21,21.28,19.96,21.09,2142400.0
2009-04-02,21.83,23.56,21.64,23.13,5005300.0
2009-04-03,23.0,24.9,22.91,24.01,5063400.0
2009-04-06,23.46,23.92,22.82,23.85,2713400.0
2009-04-07,23.24,23.95,23.01,23.5,2578600.0
2009-04-08,23.7,24.0998,23.45,24.04,1799900.0
2009-04-09,24.49,25.22,24.43,25.11,3108400.0
2009-04-13,24.53,25.06,24.35,24.89,1958200.0
2009-04-14,24.8,24.8,23.34,23.5,3485400.0
2009-04-15,23.23,24.55,23.04,24.48,4876200.0
2009-04-16,24.69,24.82,23.74,24.24,3863500.0
2009-04-17,24.24,24.3,23.73,23.77,2530200.0
2009-04-20,23.21,23.71,22.34,22.47,1936500.0
2009-04-21,22.28,22.81,22.25,22.77,1717800.0
2009-04-22,22.39,23.3,22.26,22.71,2346900.0
2009-04-23,22.54,22.95,22.05,22.66,3687600.0
2009-04-24,22.74,23.62,22.6,23.34,1734600.0
2009-04-27,23.03,23.59,22.7,23.18,1598300.0
2009-04-28,22.77,23.0,22.24,22.34,1983200.0
2009-04-29,22.76,24.0,22.5512,23.61,2108300.0
2009-04-30,24.97,27.23,22.88,24.52,8446000.0
2009-05-01,24.74,24.92,23.9,24.14,2581200.0
2009-05-04,24.08,24.66,23.35,24.07,2849100.0
2009-05-05,24.07,24.53,23.14,24.21,2325800.0
2009-05-06,24.54,24.72,23.81,24.43,1789800.0
2009-05-07,24.45,24.53,22.99,23.24,2495500.0
2009-05-08,23.53,23.79,22.84,23.17,2181800.0
2009-05-11,22.58,23.75,22.58,23.41,1534900.0
2009-05-12,23.52,23.81,22.48,22.95,1768900.0
2009-05-13,22.28,22.89,21.79,21.97,1519000.0
2009-05-14,22.1,22.68,21.69,22.38,1470000.0
2009-05-15,22.19,22.5,21.79,21.9,1963000.0
2009-05-18,22.21,23.5,22.16,23.42,1621500.0
2009-05-19,23.36,23.59,23.01,23.11,1038600.0
2009-05-20,23.42,23.79,23.12,23.26,1410600.0
2009-05-21,22.76,22.99,22.38,22.66,1272300.0
2009-05-22,22.71,22.89,22.19,22.63,948700.0
2009-05-26,22.49,23.47,22.26,23.34,1401300.0
2009-05-27,23.31,24.12,23.16,23.7,2019100.0
2009-05-28,24.17,24.57,23.6,24.49,2454000.0
2009-05-29,24.61,24.83,24.15,24.26,5786400.0
2009-06-01,24.52,24.94,24.33,24.7,1812800.0
2009-06-02,24.41,24.88,23.8826,24.33,1700600.0
2009-06-03,24.0,24.0,22.715,22.99,2085900.0
2009-06-04,23.27,23.27,22.5,22.88,1711100.0
2009-06-05,23.25,23.43,22.6,23.06,1803200.0
2009-06-08,22.9,22.9,22.12,22.42,1345300.0
2009-06-09,22.52,23.21,22.34,23.16,1718500.0
2009-06-10,23.5,23.5,22.04,22.23,2314500.0
2009-06-11,22.15,22.59,22.0,22.42,2230800.0
2009-06-12,22.15,23.34,22.15,23.21,2108400.0
2009-06-15,22.98,22.98,22.43,22.57,1282300.0
2009-06-16,22.64,23.04,22.24,22.33,1526800.0
2009-06-17,22.31,22.62,21.88,22.25,1878300.0
2009-06-18,22.19,22.57,22.01,22.33,1130800.0
2009-06-19,22.49,22.81,22.28,22.5,977300.0
2009-06-22,22.28,22.3,21.71,21.84,1308600.0
2009-06-23,21.81,22.21,21.49,22.07,1859000.0
2009-06-24,22.42,23.6,22.39,23.37,2638300.0
2009-06-25,23.17,23.99,23.04,23.96,1525600.0
2009-06-26,23.89,24.99,23.65,24.55,3189800.0
2009-06-29,23.64,24.59,23.64,24.14,1550800.0
2009-06-30,24.15,24.25,23.67,24.02,1169200.0
2009-07-01,23.94,24.53,23.94,24.31,1791900.0
2009-07-02,23.78,24.59,23.67,24.41,3277400.0
2009-07-06,24.35,24.39,23.18,23.41,2451500.0
2009-07-07,23.53,23.59,22.78,23.12,2167500.0
2009-07-08,23.09,23.36,22.73,23.29,1972200.0
2009-07-09,23.47,24.13,23.19,23.8,1832100.0
2009-07-10,23.84,24.12,23.36,23.77,1451700.0
2009-07-13,23.8,24.17,23.55,24.17,1802000.0
2009-07-14,24.25,24.49,23.91,24.26,1282900.0
2009-07-15,24.42,25.42,24.35,25.33,1508600.0
2009-07-16,25.42,25.69,25.02,25.6,671900.0
2009-07-17,25.55,25.56,25.09,25.42,1002500.0
2009-07-20,25.44,26.245,25.38,26.18,1575900.0
2009-07-21,26.47,27.05,26.39,26.96,2241600.0
2009-07-22,26.77,27.43,26.6,26.99,1761200.0
2009-07-23,27.27,27.87,27.05,27.7,1293600.0
2009-07-24,27.52,27.6,27.07,27.38,1067600.0
2009-07-27,27.65,27.65,26.75,27.16,2007000.0
2009-07-28,26.85,27.53,26.63,27.47,1452300.0
2009-07-29,27.12,27.27,26.53,27.06,1132400.0
2009-07-30,27.43,29.43,27.43,29.09,3323600.0
2009-07-31,29.09,29.57,28.71,28.74,2723200.0
2009-08-03,29.17,29.23,28.66,28.94,2134300.0
2009-08-04,28.87,29.65,28.71,29.28,1866500.0
2009-08-05,29.84,29.99,28.55,28.87,1678000.0
2009-08-06,29.12,29.24,27.9813,28.18,1438800.0
2009-08-07,28.4,28.945,27.99,28.11,1241400.0
2009-08-10,28.0,28.24,27.43,27.49,1279200.0
2009-08-11,27.38,27.69,26.99,27.01,1934300.0
2009-08-12,27.19,27.65,26.92,27.08,2445700.0
2009-08-13,27.35,28.18,27.2,28.08,1173100.0
2009-08-14,28.01,28.01,27.35,27.6,1095500.0
2009-08-17,26.97,27.09,26.58,26.6,884700.0
2009-08-18,26.67,27.75,26.51,27.63,1388700.0
2009-08-19,27.16,27.97,27.01,27.94,1541000.0
2009-08-20,27.87,28.54,27.73,28.51,1391600.0
2009-08-21,28.71,29.08,28.45,28.92,1560900.0
2009-08-24,29.09,29.12,28.36,28.5,1017700.0
2009-08-25,28.5,29.16,28.38,28.47,907900.0
2009-08-26,28.42,28.79,28.12,28.21,982000.0
2009-08-27,28.49,28.49,27.69,27.94,1408100.0
2009-08-28,28.15,28.5,27.51,27.63,1453200.0
2009-08-31,27.32,27.34,26.6901,26.86,1607400.0
2009-09-01,26.62,27.03,25.97,26.07,2939800.0
2009-09-02,25.8,26.52,25.79,26.13,1866800.0
2009-09-03,26.22,27.04,26.1,26.94,2539000.0
2009-09-04,27.06,28.05,26.71,27.83,1992800.0
2009-09-08,27.97,28.39,27.83,28.33,2122300.0
2009-09-09,28.12,28.73,28.05,28.71,1096000.0
2009-09-10,28.8,29.08,28.46,29.08,1251500.0
2009-09-11,29.33,29.9,29.18,29.75,1851300.0
2009-09-14,29.68,29.68,28.82,29.24,2315900.0
2009-09-15,29.35,29.91,29.13,29.8,1427300.0
2009-09-16,30.17,30.83,29.95,30.52,1808800.0
2009-09-17,30.51,30.87,30.2045,30.42,1477900.0
2009-09-18,30.74,30.98,30.05,30.95,1594700.0
2009-09-21,30.81,31.6199,30.5,31.44,1365300.0
2009-09-22,31.64,32.24,31.51,31.88,1648900.0
2009-09-23,32.04,32.3199,31.45,31.66,1443500.0
2009-09-24,31.74,31.82,30.63,31.12,2044500.0
2009-09-25,30.79,31.26,30.64,31.11,898500.0
2009-09-28,31.18,31.65,31.01,31.64,931400.0
2009-09-29,31.46,31.76,31.16,31.29,915700.0
2009-09-30,31.34,31.75,30.63,31.36,1673700.0
2009-10-01,31.17,31.17,30.21,30.3,1694500.0
2009-10-02,30.02,30.94,29.64,30.49,1514600.0
2009-10-05,30.77,31.17,30.55,31.02,1047700.0
2009-10-06,30.5,31.97,30.5,31.43,1009800.0
2009-10-07,31.25,31.39,30.92,31.35,709000.0
2009-10-08,31.64,31.71,31.06,31.06,901000.0
2009-10-09,30.88,31.465,30.88,31.46,1287400.0
2009-10-12,31.77,32.25,31.68,31.95,1147200.0
2009-10-13,32.1,32.2,31.74,31.9,1092400.0
2009-10-14,32.41,32.83,32.24,32.5,1413500.0
2009-10-15,32.15,34.44,32.11,34.4,4106600.0
2009-10-16,34.22,34.23,33.64,33.66,1300000.0
2009-10-19,33.91,34.5,33.71,34.44,1449500.0
2009-10-20,34.41,35.0,33.45,33.84,2325100.0
2009-10-21,33.78,34.35,33.02,33.11,1652200.0
2009-10-22,33.07,33.7,32.77,32.96,1255200.0
2009-10-23,33.21,33.28,32.1,32.27,1138200.0
2009-10-26,32.4,33.01,31.63,31.91,1295500.0
2009-10-27,31.96,32.27,31.16,31.2,1468700.0
2009-10-28,31.0,31.41,30.505,30.55,1767400.0
2009-10-29,30.76,31.44,30.76,31.04,1795900.0
2009-10-30,30.82,31.02,30.06,30.22,1745800.0
2009-11-02,30.48,30.65,29.47,30.03,2009300.0
2009-11-03,29.66,31.62,29.5,31.59,2022100.0
2009-11-04,32.38,34.27,31.92,31.96,3691000.0
2009-11-05,33.41,33.41,32.43,32.88,1427700.0
2009-11-06,32.65,33.72,32.58,33.53,1500400.0
2009-11-09,33.95,35.0,33.86,34.98,1772300.0
2009-11-10,34.82,35.11,34.51,34.96,1190600.0
2009-11-11,35.44,36.66,35.44,36.54,3101100.0
2009-11-12,36.56,36.67,35.85,36.15,1856700.0
2009-11-13,36.33,36.98,35.39,36.63,1169100.0
2009-11-16,37.0,37.59,36.85,37.11,1562600.0
2009-11-17,37.04,37.94,36.73,37.8,1187500.0
2009-11-18,37.69,37.7,36.8,37.35,1790400.0
2009-11-19,36.86,37.12,36.41,36.99,2000000.0
2009-11-20,36.74,37.625,36.425,37.45,1215700.0
2009-11-23,37.9,38.89,37.31,37.66,2219200.0
2009-11-24,37.25,37.49,36.5067,37.01,2011200.0
2009-11-25,37.03,37.32,36.73,37.0,2145600.0
2009-11-27,35.74,36.77,35.54,36.46,844900.0
2009-11-30,36.39,36.7,36.18,36.69,1130700.0
2009-12-01,36.83,37.25,36.66,37.0,2083100.0
2009-12-02,36.99,37.66,36.99,37.11,1965700.0
2009-12-03,36.63,37.73,36.63,36.67,2035800.0
2009-12-04,37.43,37.77,36.39,36.89,1315800.0
2009-12-07,36.71,37.01,35.97,36.43,1535700.0
2009-12-08,36.37,36.37,35.47,35.54,2211600.0
2009-12-09,35.73,35.83,34.66,35.2,1900900.0
2009-12-10,35.47,36.32,35.47,35.98,1300500.0
2009-12-11,36.25,36.25,35.32,35.98,821800.0
2009-12-14,36.31,36.83,36.24,36.74,1902000.0
2009-12-15,36.77,37.1,36.57,36.8,1357800.0
2009-12-16,36.92,37.27,36.54,36.67,2562200.0
2009-12-17,36.67,37.86,36.36,37.51,1922300.0
2009-12-18,37.89,38.35,37.66,38.29,2664300.0
2009-12-21,38.51,38.91,38.29,38.85,1954100.0
2009-12-22,38.87,39.1,38.64,39.08,1518300.0
2009-12-23,39.3,39.45,38.9,39.25,1311700.0
2009-12-24,39.08,39.9,39.08,39.79,442100.0
2009-12-28,39.84,39.99,39.6,39.71,1123100.0
2009-12-29,39.88,39.995,39.63,39.75,1266800.0
2009-12-30,39.45,39.8,39.25,39.47,1005000.0
2009-12-31,39.46,39.54,38.99,39.04,932100.0
2010-01-04,39.41,40.15,39.33,39.61,1964100.0
2010-01-05,39.76,40.49,39.63,39.99,2116000.0
2010-01-06,39.53,39.85,39.12,39.42,1612100.0
2010-01-07,39.45,39.45,38.61,38.77,1671500.0
2010-01-08,38.78,39.14,38.3,38.96,2004200.0
2010-01-11,39.28,39.5,38.93,38.97,1658300.0
2010-01-12,38.82,38.88,38.05,38.25,2345700.0
2010-01-13,38.26,38.8,38.26,38.67,1633800.0
2010-01-14,38.57,38.71,38.4,38.61,1569900.0
2010-01-15,39.61,39.61,38.58,38.69,1797800.0
2010-01-19,38.64,38.95,38.61,38.83,1841900.0
2010-01-20,38.58,39.04,38.43,38.96,1796700.0
2010-01-21,39.19,39.19,38.14,38.43,1402400.0
2010-01-22,38.41,39.37,37.2,37.35,1550500.0
2010-01-25,37.69,38.55,37.48,38.05,1614900.0
2010-01-26,37.91,37.98,37.41,37.44,1309900.0
2010-01-27,37.28,38.26,37.01,38.25,1761800.0
2010-01-28,37.2,37.42,36.01,37.17,5190300.0
2010-01-29,37.21,37.4999,36.7,36.94,2703900.0
2010-02-01,37.13,37.44,36.81,37.27,1996300.0
2010-02-02,37.53,37.53,36.86,37.3,1954700.0
2010-02-03,36.96,37.39,36.59,36.79,1187200.0
2010-02-04,36.51,36.51,35.29,35.59,2957800.0
2010-02-05,35.46,35.69,34.115,35.28,3987700.0
2010-02-08,35.36,36.21,34.98,35.66,1875600.0
2010-02-09,36.13,36.49,35.5401,35.87,2194800.0
2010-02-10,35.85,36.03,35.26,35.97,1457900.0
2010-02-11,35.79,37.08,35.5,36.98,1582400.0
2010-02-12,36.47,37.35,36.38,37.33,1582300.0
2010-02-16,37.5,38.0,37.45,37.98,1072800.0
2010-02-17,37.97,38.7,37.86,38.4,1441100.0
2010-02-18,38.45,38.6,38.21,38.49,1098300.0
2010-02-19,38.53,39.03,38.39,38.62,1238400.0
2010-02-22,38.56,38.57,38.0,38.29,886900.0
2010-02-23,38.21,38.21,36.8,37.16,1366000.0
2010-02-24,37.14,37.91,36.93,37.85,2476600.0
2010-02-25,37.43,38.0,37.08,37.85,1341500.0
2010-02-26,37.85,37.98,37.46,37.8,1128700.0
2010-03-01,37.81,38.43,37.81,38.17,955400.0
2010-03-02,38.2,38.66,38.2,38.32,1100400.0
2010-03-03,38.45,39.06,38.14,38.56,1234800.0
2010-03-04,38.68,38.99,38.51,38.92,1060100.0
2010-03-05,39.07,39.475,38.94,39.4,1358800.0
2010-03-08,38.32,39.11,38.22,38.47,2223200.0
2010-03-09,38.22,39.681,38.22,39.29,2214900.0
2010-03-10,39.4,39.63,39.16,39.46,1576300.0
2010-03-11,39.4,39.53,39.18,39.44,867600.0
2010-03-12,39.81,39.81,39.18,39.28,1273400.0
2010-03-15,39.33,39.52,38.42,38.8,1766600.0
2010-03-16,38.81,39.955,38.81,39.8,2724100.0
2010-03-17,39.65,39.85,39.05,39.1,3049500.0
2010-03-18,39.03,39.1,38.36,38.56,2446200.0
2010-03-19,38.54,39.0,38.39,38.39,1883500.0
2010-03-22,38.18,38.79,37.89,38.62,1795500.0
2010-03-23,38.7,39.0,38.55,38.71,1892000.0
2010-03-24,38.62,39.05,38.32,38.37,1734500.0
2010-03-25,38.49,38.73,36.78,36.88,4050500.0
2010-03-26,37.08,37.39,36.46,37.04,2782200.0
2010-03-29,37.27,38.27,37.14,37.68,2379500.0
2010-03-30,37.62,38.51,37.59,38.31,2079000.0
2010-03-31,38.31,38.73,38.09,38.23,1226400.0
2010-04-01,38.41,38.99,38.04,38.37,1421500.0
2010-04-05,38.44,38.76,38.36,38.63,1484900.0
2010-04-06,38.41,38.48,37.46,37.58,2761600.0
2010-04-07,37.47,37.56,36.96,37.22,3605300.0
2010-04-08,37.17,37.69,36.97,37.62,2592700.0
2010-04-09,37.75,37.9,37.25,37.57,1438400.0
2010-04-12,37.6,37.99,37.33,37.59,1207400.0
2010-04-13,37.5,37.975,36.69,37.62,3917200.0
2010-04-14,37.71,37.71,36.97,37.32,2545100.0
2010-04-15,37.14,37.63,36.97,37.52,1677200.0
2010-04-16,37.29,37.57,36.87,37.46,2873300.0
2010-04-19,37.34,37.8,36.9,37.5,3184600.0
2010-04-20,37.84,38.56,37.64,38.39,2341900.0
2010-04-21,38.39,38.58,38.06,38.27,1516600.0
2010-04-22,38.12,38.31,37.75,38.21,1593800.0
2010-04-23,38.11,38.6,37.93,38.41,2672800.0
2010-04-26,38.28,38.79,38.12,38.18,1121300.0
2010-04-27,38.11,38.38,37.69,37.72,2005600.0
2010-04-28,38.1,38.31,37.27,37.52,3244200.0
2010-04-29,38.72,39.0,37.85,38.34,2361100.0
2010-04-30,38.26,38.58,37.81,37.85,1619800.0
2010-05-03,37.9,38.43,37.82,38.41,1730700.0
2010-05-04,37.94,38.07,37.37,37.52,1350100.0
2010-05-05,37.18,37.64,36.7,37.26,1375200.0
2010-05-06,37.12,38.0,35.34,36.57,3539600.0
2010-05-07,36.22,36.84,35.14,35.8,3312100.0
2010-05-10,36.82,37.36,36.45,37.34,2631900.0
2010-05-11,37.34,37.46,36.65,36.81,1436700.0
2010-05-12,36.92,37.76,36.83,37.76,1150500.0
2010-05-13,37.66,37.83,37.08,37.14,1244100.0
2010-05-14,36.96,37.13,36.27,36.52,1079300.0
2010-05-17,36.66,36.98,35.91,36.67,1224400.0
2010-05-18,37.09,37.12,35.92,36.11,2085400.0
2010-05-19,35.86,36.11,35.2,36.0,2579100.0
2010-05-20,35.05,35.54,34.43,34.82,3795700.0
2010-05-21,34.28,36.05,34.25,36.03,2645400.0
2010-05-24,35.9,36.29,35.71,35.71,1863000.0
2010-05-25,34.71,36.39,34.71,36.33,3686700.0
2010-05-26,36.5,37.0,36.1,36.22,1708300.0
2010-05-27,36.8,37.57,36.45,37.57,1337500.0
2010-05-28,37.45,37.95,36.8,37.03,907400.0
2010-06-01,36.75,37.47,35.94,35.94,1638700.0
2010-06-02,36.29,36.92,35.98,36.91,2179500.0
2010-06-03,37.04,37.8,36.84,37.73,2744800.0
2010-06-04,36.91,37.54,36.09,36.11,1615800.0
2010-06-07,36.14,36.72,35.79,35.84,1513800.0
2010-06-08,35.83,36.1,35.13,35.57,3300400.0
2010-06-09,35.9,36.61,35.61,36.05,3421200.0
2010-06-10,36.62,37.93,36.61,37.72,2754200.0
2010-06-11,37.48,39.14,37.34,39.14,2005000.0
2010-06-14,39.24,39.99,38.98,39.16,2566800.0
2010-06-15,39.13,39.64,38.92,39.6,1621400.0
2010-06-16,39.33,39.73,39.24,39.64,938500.0
2010-06-17,39.61,39.65,39.09,39.31,1156900.0
2010-06-18,39.31,39.42,38.95,39.25,3836600.0
2010-06-21,39.55,40.0,38.92,38.98,3706100.0
2010-06-22,39.18,39.45,38.57,38.67,2449000.0
2010-06-23,38.63,39.47,38.56,39.09,2026400.0
2010-06-24,38.98,39.07,38.2,38.27,1520100.0
2010-06-25,38.17,38.75,38.09,38.65,4009800.0
2010-06-28,38.64,39.435,38.59,38.92,2781600.0
2010-06-29,38.22,38.5,37.65,37.86,2180900.0
2010-06-30,37.82,38.05,37.14,37.26,2293900.0
2010-07-01,37.2,37.6,36.2,36.96,2003200.0
2010-07-02,37.05,37.36,36.57,36.8,1024200.0
2010-07-06,37.38,37.8143,36.65,36.89,1752300.0
2010-07-07,36.93,37.9,36.93,37.8,2339900.0
2010-07-08,38.0,38.66,37.89,38.55,3682000.0
2010-07-09,38.51,38.85,37.94,38.02,3027000.0
2010-07-12,37.82,37.92,37.22,37.46,1029400.0
2010-07-13,37.81,38.37,37.77,38.31,1802900.0
2010-07-14,38.16,38.49,37.76,38.25,1587800.0
2010-07-15,38.17,38.29,37.6,37.95,1082100.0
2010-07-16,37.65,37.82,36.35,36.47,1517900.0
2010-07-19,36.67,36.73,36.01,36.45,1471700.0
2010-07-20,36.9,38.65,36.72,38.65,4149600.0
2010-07-21,38.88,38.96,37.91,38.43,1609600.0
2010-07-22,38.97,39.13,38.45,38.84,1012500.0
2010-07-23,38.64,39.56,38.18,39.56,1555100.0
2010-07-26,39.68,39.68,39.08,39.15,1834200.0
2010-07-27,39.18,39.43,38.47,38.97,2248300.0
2010-07-28,38.75,39.46,38.75,38.99,1727100.0
2010-07-29,38.6,39.26,38.04,39.19,2988100.0
2010-07-30,39.18,39.73,38.56,39.51,3390900.0
2010-08-02,39.97,40.93,39.75,40.87,2420900.0
2010-08-03,40.74,41.03,40.52,40.76,1687800.0
2010-08-04,40.86,41.12,40.62,40.99,2760800.0
2010-08-05,40.89,41.23,40.79,41.1,2072700.0
2010-08-06,40.54,41.44,40.24,40.54,1717800.0
2010-08-09,40.85,40.91,40.38,40.5,2147400.0
2010-08-10,39.99,40.49,39.6,40.37,1970600.0
2010-08-11,39.52,39.62,38.83,38.95,1166600.0
2010-08-12,38.21,39.09,38.21,38.78,1493400.0
2010-08-13,38.7,39.16,38.59,38.76,951100.0
2010-08-16,38.59,39.41,38.59,39.38,989100.0
2010-08-17,39.75,40.07,39.65,39.91,2788900.0
2010-08-18,39.8,41.04,39.56,40.88,4497000.0
2010-08-19,40.65,40.86,40.28,40.61,1749600.0
2010-08-20,40.31,40.63,40.02,40.6,1592700.0
2010-08-23,40.69,41.08,40.67,40.77,3275600.0
2010-08-24,40.43,40.59,40.05,40.34,2175000.0
2010-08-25,40.2,41.01,40.13,41.01,4331600.0
2010-08-26,41.05,41.54,40.32,40.43,1714600.0
2010-08-27,40.75,41.27,40.18,41.09,1335700.0
2010-08-30,40.87,41.35,40.48,40.5,1115200.0
2010-08-31,40.41,41.19,40.23,41.12,1977700.0
2010-09-01,41.52,41.71,40.8,41.03,2226600.0
2010-09-02,41.06,41.3,40.69,40.93,1754500.0
2010-09-03,41.38,42.16,41.2,42.04,1660900.0
2010-09-07,41.97,42.5101,41.66,42.44,1463500.0
2010-09-08,41.12,42.92,41.12,42.55,2292400.0
2010-09-09,42.82,43.02,41.97,42.1,1359300.0
2010-09-10,42.23,42.49,41.98,42.4,644400.0
2010-09-13,42.86,42.93,42.2,42.53,699500.0
2010-09-14,42.33,42.56,42.05,42.24,582000.0
2010-09-15,42.16,42.84,41.94,42.7,995900.0
2010-09-16,42.67,42.7,41.57,41.64,1207200.0
2010-09-17,41.88,42.07,41.52,41.81,1716900.0
2010-09-20,42.02,42.5,41.98,42.38,1246400.0
2010-09-21,42.41,43.18,42.09,43.03,2483500.0
2010-09-22,42.96,43.23,42.58,42.71,1143200.0
2010-09-23,42.49,42.91,42.19,42.56,1358600.0
2010-09-24,42.95,43.64,42.28,43.4,2197000.0
2010-09-27,43.28,43.48,43.05,43.13,1261300.0
2010-09-28,43.22,43.87,42.87,43.84,1192200.0
2010-09-29,43.7,44.2,43.49,44.08,2179200.0
2010-09-30,44.4,44.4599,44.04,44.15,2552700.0
2010-10-01,42.98,44.45,42.98,44.11,2670800.0
2010-10-04,44.11,44.34,43.53,43.61,2069000.0
2010-10-05,43.97,44.29,43.8,44.06,1493000.0
2010-10-06,43.97,44.27,43.1,43.31,1791500.0
2010-10-07,43.5,43.8099,42.91,43.08,1841500.0
2010-10-08,42.93,42.93,42.27,42.54,3356000.0
2010-10-11,42.68,42.75,42.1,42.15,3363300.0
2010-10-12,42.19,42.19,41.335,41.83,4206300.0
2010-10-13,42.1,42.53,41.94,42.45,3254600.0
2010-10-14,42.42,42.98,42.16,42.88,1470300.0
2010-10-15,43.14,43.14,42.25,42.42,2061300.0
2010-10-18,42.49,42.56,42.0,42.11,806200.0
2010-10-19,41.67,42.02,41.1,41.67,964500.0
2010-10-20,41.79,42.465,41.68,42.35,1427000.0
2010-10-21,42.44,42.61,41.74,42.23,1623900.0
2010-10-22,42.21,42.61,42.21,42.56,778600.0
2010-10-25,42.74,42.99,42.56,42.58,1680400.0
2010-10-26,42.39,43.05,41.99,42.74,1730000.0
2010-10-27,42.73,42.7399,41.95,42.13,1969400.0
2010-10-28,42.66,43.3,42.26,42.64,3322300.0
2010-10-29,42.52,43.32,42.37,43.12,1345900.0
2010-11-01,43.25,43.27,42.94,43.27,1067500.0
2010-11-02,43.43,43.63,42.97,43.29,1154600.0
2010-11-03,43.46,43.55,42.87,43.3,1429100.0
2010-11-04,43.63,43.645,43.21,43.36,1304700.0
2010-11-05,43.05,43.13,41.94,42.95,2915900.0
2010-11-08,42.91,43.06,42.57,42.58,1884700.0
2010-11-09,42.8,43.0,41.53,41.68,2708000.0
2010-11-10,41.54,42.67,41.54,42.06,1973200.0
2010-11-11,41.84,42.69,41.76,42.69,1264500.0
2010-11-12,42.62,42.75,42.08,42.42,1203000.0
2010-11-15,42.31,42.56,42.05,42.11,1016200.0
2010-11-16,41.95,42.13,41.5,41.63,4079100.0
2010-11-17,41.66,41.95,41.31,41.5,1987900.0
2010-11-18,41.79,42.41,41.7301,42.33,1515000.0
2010-11-19,42.31,43.0,42.07,42.7,2224600.0
2010-11-22,42.39,42.55,42.11,42.35,1469800.0
2010-11-23,42.07,42.07,41.45,41.66,1182200.0
2010-11-24,41.73,42.47,41.59,42.37,1020500.0
2010-11-26,42.03,42.4,41.85,42.19,260500.0
2010-11-29,41.99,42.1,41.32,41.62,1326100.0
2010-11-30,41.31,41.68,41.26,41.54,1634400.0
2010-12-01,42.02,42.3,41.8,41.98,1464400.0
2010-12-02,42.24,43.0,42.2,42.68,1642400.0
2010-12-03,42.63,42.64,41.99,42.28,1606600.0
2010-12-06,42.33,42.83,42.3,42.75,1748700.0
2010-12-07,43.14,43.38,42.94,43.0,1913400.0
2010-12-08,43.11,43.15,42.18,42.39,1206500.0
2010-12-09,42.5,42.74,41.9,42.18,1014400.0
2010-12-10,42.21,42.44,41.99,42.29,1275200.0
2010-12-13,42.32,42.59,41.88,41.95,2431700.0
2010-12-14,41.95,42.39,41.92,42.39,1779000.0
2010-12-15,42.2,42.41,41.93,42.11,1566500.0
2010-12-16,42.11,42.21,41.26,41.96,1755100.0
2010-12-17,41.89,41.99,41.49,41.69,1721100.0
2010-12-20,41.85,42.99,41.85,42.72,1614400.0
2010-12-21,42.95,43.02,42.49,42.88,1004100.0
2010-12-22,42.97,43.02,42.46,42.61,985500.0
2010-12-23,42.57,42.75,42.14,42.49,560400.0
2010-12-27,42.48,43.1,42.28,42.99,783300.0
2010-12-28,43.04,43.3,42.78,42.85,1006200.0
2010-12-29,42.97,43.06,42.78,42.98,390400.0
2010-12-30,43.02,43.84,43.02,43.45,1313700.0
2010-12-31,43.49,43.83,43.19,43.83,1171200.0
2011-01-03,43.9,43.98,43.23,43.42,1827400.0
2011-01-04,43.53,44.04,43.31,43.35,5159000.0
2011-01-05,42.94,43.3,42.9,42.9,1753600.0
2011-01-06,43.12,43.18,42.05,42.14,2838300.0
2011-01-07,42.22,42.79,42.12,42.6,1536800.0
2011-01-10,42.47,42.8,42.24,42.57,1503700.0
2011-01-11,42.68,43.0,41.95,42.36,1624900.0
2011-01-12,42.57,42.63,42.0,42.09,1346200.0
2011-01-13,42.34,42.45,41.7,41.92,2903800.0
2011-01-14,42.03,42.16,40.61,40.73,3616900.0
2011-01-18,40.83,42.13,40.74,42.04,4066600.0
2011-01-19,41.88,41.9,41.27,41.57,2307200.0
2011-01-20,41.36,42.5,41.07,42.18,2510700.0
2011-01-21,42.37,42.5,41.72,41.82,1459100.0
2011-01-24,41.81,42.54,41.59,42.49,2136100.0
2011-01-25,42.2,42.97,41.85,42.93,2321800.0
2011-01-26,42.93,44.03,42.93,43.64,4723200.0
2011-01-27,43.95,44.02,43.04,43.86,2489900.0
2011-01-28,43.9,44.08,42.9328,43.05,1219600.0
2011-01-31,42.87,43.0,41.96,42.17,2722200.0
2011-02-01,42.52,43.33,42.4,43.21,2978200.0
2011-02-02,43.13,43.66,42.88,43.5,1438100.0
2011-02-03,43.37,44.04,43.25,44.0,1201800.0
2011-02-04,43.83,45.01,43.83,44.9,2266200.0
2011-02-07,44.94,45.08,44.33,44.4,1759400.0
2011-02-08,44.56,45.18,44.44,45.11,868400.0
2011-02-09,44.92,45.08,44.64,44.94,686400.0
2011-02-10,44.81,45.52,44.64,45.36,1615700.0
2011-02-11,45.05,45.98,45.05,45.97,1788700.0
2011-02-14,45.86,46.27,45.768,46.17,1476500.0
2011-02-15,46.2,46.2,45.39,45.5,1346400.0
2011-02-16,45.72,45.94,45.01,45.19,2059100.0
2011-02-17,45.08,45.11,44.04,44.22,2831300.0
2011-02-18,44.13,44.23,43.63,43.78,1896500.0
2011-02-22,43.46,43.86,42.68,42.87,2521300.0
2011-02-23,43.01,43.13,41.51,41.85,3049700.0
2011-02-24,41.71,41.97,41.5,41.86,5212900.0
2011-02-25,41.99,42.87,41.87,42.67,3474500.0
2011-02-28,42.68,42.9,41.89,42.15,1882400.0
2011-03-01,42.4,42.4,40.75,40.87,3313200.0
2011-03-02,40.93,41.46,40.51,40.68,2336600.0
2011-03-03,41.05,41.34,40.79,41.14,1995000.0
2011-03-04,41.19,41.2,40.62,40.93,1228200.0
2011-03-07,41.08,41.41,40.58,40.76,1947200.0
2011-03-08,40.5,40.5,38.77,40.04,6950000.0
2011-03-09,39.95,40.3,39.86,40.11,1715500.0
2011-03-10,39.64,39.81,38.69,38.74,4391500.0
2011-03-11,39.19,39.6,38.73,39.39,3143500.0
2011-03-14,39.1,39.34,39.01,39.23,1640500.0
2011-03-15,38.62,39.26,38.61,39.0,2497200.0
2011-03-16,39.0,39.74,38.71,38.89,2808300.0
2011-03-17,39.42,39.92,38.98,39.88,3030400.0
2011-03-18,40.13,40.14,39.04,39.16,2440100.0
2011-03-21,37.37,37.73,36.38,37.37,13812900.0
2011-03-22,37.53,38.41,37.47,37.98,3843200.0
2011-03-23,37.8,39.07,37.8,38.98,3915900.0
2011-03-24,39.73,40.11,38.98,40.04,5469700.0
2011-03-25,40.05,40.36,40.03,40.28,3289400.0
2011-03-28,40.48,40.719,40.18,40.44,1709800.0
2011-03-29,40.3,41.29,40.2,41.14,2933700.0
2011-03-30,41.41,42.34,41.41,42.19,3555000.0
2011-03-31,42.22,42.6,42.18,42.55,2315200.0
2011-04-01,42.7,43.3,42.69,43.1,3394600.0
2011-04-04,43.12,43.33,42.99,43.16,1715200.0
2011-04-05,42.97,43.1,42.57,42.61,1918600.0
2011-04-06,42.82,43.09,42.64,42.8,1621300.0
2011-04-07,42.8,43.04,42.55,42.85,2870400.0
2011-04-08,43.03,43.19,42.56,42.67,1971300.0
2011-04-11,42.68,43.08,42.68,42.85,2453900.0
2011-04-12,42.56,42.82,42.3,42.48,1788700.0
2011-04-13,42.7,42.95,42.67,42.86,2649800.0
2011-04-14,42.73,42.7875,42.35,42.73,1655800.0
2011-04-15,42.73,42.99,42.52,42.73,2304400.0
2011-04-18,42.35,42.49,42.01,42.44,2500800.0
2011-04-19,42.51,42.78,42.02,42.18,3037300.0
2011-04-20,42.64,42.99,42.61,42.93,1915700.0
2011-04-21,43.09,43.455,42.91,43.34,1189600.0
2011-04-25,43.24,43.39,43.13,43.28,835500.0
2011-04-26,43.44,43.83,43.22,43.78,1600000.0
2011-04-27,43.85,44.49,43.81,44.45,2170900.0
2011-04-28,44.17,44.45,43.59,43.67,2718100.0
2011-04-29,43.62,43.63,42.65,42.86,2752300.0
2011-05-02,43.1,43.13,42.31,42.43,2533000.0
2011-05-03,42.46,43.25,42.11,42.5,3945600.0
2011-05-04,42.58,42.59,41.66,41.75,2993900.0
2011-05-05,41.68,42.23,41.61,41.9,2291800.0
2011-05-06,42.2,42.36,41.76,41.96,1974900.0
2011-05-09,42.19,42.27,41.94,42.0,1393300.0
2011-05-10,41.93,42.37,41.93,42.18,3232400.0
2011-05-11,42.07,42.42,41.81,42.21,2107600.0
2011-05-12,42.14,42.69,41.91,42.57,1800000.0
2011-05-13,42.4,42.54,41.655,41.9,1642500.0
2011-05-16,41.8,41.86,41.41,41.55,2306800.0
2011-05-17,41.5,41.51,40.72,41.07,2299200.0
2011-05-18,41.14,41.48,41.02,41.41,2056800.0
2011-05-19,41.58,41.71,41.14,41.46,1651800.0
2011-05-20,41.37,41.53,41.09,41.38,1980800.0
2011-05-23,41.03,41.19,40.78,41.02,1440700.0
2011-05-24,41.1,41.47,41.1,41.28,1627800.0
2011-05-25,41.18,41.39,40.97,41.39,2164700.0
2011-05-26,41.2,41.48,41.12,41.44,1817400.0
2011-05-27,41.48,42.13,41.41,41.78,1624800.0
2011-05-31,41.98,42.09,41.07,41.41,2639500.0
2011-06-01,41.31,41.47,40.935,41.0,1978700.0
2011-06-02,41.23,41.945,41.11,41.62,3153300.0
2011-06-03,40.89,41.32,40.31,40.37,2974900.0
2011-06-06,40.37,40.63,40.05,40.05,1861700.0
2011-06-07,40.11,40.43,40.06,40.2,1237500.0
2011-06-08,40.04,40.42,39.75,39.94,1868900.0
2011-06-09,39.91,40.54,39.91,40.51,2110500.0
2011-06-10,40.29,40.79,40.23,40.29,2011600.0
2011-06-13,40.26,40.52,40.01,40.09,1725200.0
2011-06-14,40.43,40.44,40.01,40.08,1804100.0
2011-06-15,39.94,40.35,39.75,39.86,1808500.0
2011-06-16,39.87,40.42,39.74,39.87,1770300.0
2011-06-17,40.05,40.64,39.99,40.41,1535300.0
2011-06-20,40.29,40.72,40.19,40.63,752900.0
2011-06-21,40.68,41.49,40.66,41.44,2778400.0
2011-06-22,41.31,41.31,40.84,40.84,2710500.0
2011-06-23,40.56,40.88,40.32,40.88,1503900.0
2011-06-24,40.79,40.98,40.49,40.6,1150700.0
2011-06-27,40.47,40.67,40.07,40.47,1193100.0
2011-06-28,40.59,40.73,40.07,40.32,1660300.0
2011-06-29,40.56,40.85,40.41,40.72,3027900.0
2011-06-30,40.8,41.04,40.65,40.79,1631100.0
2011-07-01,41.07,42.73,40.98,42.61,3078600.0
2011-07-05,42.75,42.76,42.3,42.54,1590000.0
2011-07-06,42.38,42.99,42.23,42.88,1151400.0
2011-07-07,42.99,43.09,42.79,43.01,932700.0
2011-07-08,42.5,42.75,42.265,42.67,1228700.0
2011-07-11,42.33,42.37,42.01,42.13,970600.0
2011-07-12,42.29,42.49,42.03,42.26,933100.0
2011-07-13,42.39,42.88,42.33,42.73,1216100.0
2011-07-14,42.72,42.79,41.92,41.98,1395300.0
2011-07-15,42.28,42.49,42.05,42.35,746400.0
2011-07-18,42.05,42.24,41.74,41.92,1172800.0
2011-07-19,42.19,42.47,41.92,42.15,737300.0
2011-07-20,42.2,42.3,41.63,41.87,707200.0
2011-07-21,42.09,42.39,41.81,42.13,1302300.0
2011-07-22,42.27,42.43,41.97,42.4,776100.0
2011-07-25,41.68,42.23,41.65,42.14,1201500.0
2011-07-26,42.04,42.27,41.8,42.26,1294000.0
2011-07-27,41.9,42.2994,41.53,42.0,2252700.0
2011-07-28,42.17,44.8,41.96,43.91,4072400.0
2011-07-29,43.55,44.01,43.36,43.4,3210700.0
2011-08-01,43.8,43.91,43.21,43.69,2093900.0
2011-08-02,43.27,43.61,41.8,42.03,2821400.0
2011-08-03,42.19,43.8,42.19,43.8,3295200.0
2011-08-04,43.34,43.5,40.66,40.76,5303500.0
2011-08-05,41.13,41.72,40.14,40.8,5363100.0
2011-08-08,39.68,40.03,37.53,38.7,6619800.0
2011-08-09,39.14,40.63,38.41,40.62,4407800.0
2011-08-10,39.96,40.35,39.4,39.47,3268100.0
2011-08-11,39.4,40.88,39.24,40.44,2723000.0
2011-08-12,40.84,41.59,40.671,41.39,1695900.0
2011-08-15,41.68,42.35,41.55,42.11,1678200.0
2011-08-16,41.85,42.11,41.22,41.74,987000.0
2011-08-17,41.85,42.02,41.02,41.4,1069700.0
2011-08-18,40.74,40.75,39.77,39.97,2296400.0
2011-08-19,39.67,40.83,39.61,40.05,1584300.0
2011-08-22,40.74,40.87,39.15,39.6,1874600.0
2011-08-23,39.74,41.05,39.665,41.05,1287500.0
2011-08-24,41.04,41.98,40.884,41.91,1260600.0
2011-08-25,41.98,42.01,40.95,41.12,935800.0
2011-08-26,41.23,41.62,40.13,41.62,816800.0
2011-08-29,41.89,42.3,41.77,42.3,788100.0
2011-08-30,42.08,42.52,41.53,42.31,1505600.0
2011-08-31,42.51,43.94,42.46,43.43,3541600.0
2011-09-01,43.54,44.16,43.3,43.55,2339700.0
2011-09-02,42.87,42.99,41.81,42.28,1599300.0
2011-09-06,41.42,42.3,41.18,42.06,1411400.0
2011-09-07,42.38,42.85,42.2303,42.73,1209200.0
2011-09-08,42.68,43.195,42.47,42.52,1253400.0
2011-09-09,42.32,42.33,41.62,41.81,1775800.0
2011-09-12,41.08,41.46,41.0,41.46,1564900.0
2011-09-13,41.62,42.25,41.29,42.19,1018700.0
2011-09-14,42.35,43.4799,41.94,43.14,1806800.0
2011-09-15,43.51,43.8,43.23,43.56,1143800.0
2011-09-16,43.59,43.9,43.25,43.87,1818800.0
2011-09-19,43.15,43.98,43.04,43.81,1215600.0
2011-09-20,43.87,44.45,43.56,43.56,804900.0
2011-09-21,43.53,44.08,43.3,43.31,1514700.0
2011-09-22,42.59,42.71,41.2,41.95,2429200.0
2011-09-23,41.71,42.33,41.02,41.25,3255100.0
2011-09-26,41.52,41.68,41.02,41.59,1664000.0
2011-09-27,42.16,43.15,42.1,42.25,1469600.0
2011-09-28,42.34,42.5,41.49,41.53,1227900.0
2011-09-29,41.91,42.28,40.47,41.21,2029000.0
2011-09-30,40.84,41.25,40.66,40.67,2322500.0
2011-10-03,40.51,41.67,40.28,40.3,3799100.0
2011-10-04,40.12,40.18,38.7,39.84,3700000.0
2011-10-05,39.94,40.89,39.51,40.73,3143200.0
2011-10-06,40.65,41.28,40.34,41.25,1859700.0
2011-10-07,41.85,41.85,40.2407,40.25,2747300.0
2011-10-10,41.01,42.09,40.81,42.09,2013900.0
2011-10-11,41.88,42.01,41.5,41.73,1272800.0
2011-10-12,42.01,43.2,41.87,42.39,2159700.0
2011-10-13,42.3,42.45,42.03,42.26,1136700.0
2011-10-14,42.51,43.4,42.51,43.32,1142800.0
2011-10-17,43.11,43.28,42.6398,42.85,982100.0
2011-10-18,42.76,43.35,42.15,43.25,878800.0
2011-10-19,43.11,43.3103,42.47,42.73,930900.0
2011-10-20,42.91,43.26,42.41,42.69,910500.0
2011-10-21,42.88,43.25,42.79,43.07,1171100.0
2011-10-24,43.07,43.58,43.07,43.52,1225600.0
2011-10-25,43.44,43.485,42.62,43.15,2223400.0
2011-10-26,43.18,43.3,41.08,41.64,5380800.0
2011-10-27,42.63,43.13,41.8,42.55,3597200.0
2011-10-28,42.42,42.47,41.89,42.32,2681400.0
2011-10-31,42.08,42.13,41.19,41.36,1811500.0
2011-11-01,40.84,41.88,40.46,40.57,3830000.0
2011-11-02,40.83,41.195,40.44,40.75,2216300.0
2011-11-03,41.04,42.065,40.83,41.75,2541900.0
2011-11-04,41.68,41.91,41.36,41.84,1583600.0
2011-11-07,41.74,42.09,41.32,41.8,1549600.0
2011-11-08,41.87,42.04,41.42,41.94,1323700.0
2011-11-09,41.43,41.62,41.2,41.48,1473800.0
2011-11-10,41.67,41.71,40.685,40.81,1740700.0
2011-11-11,41.08,42.3,41.07,42.02,1380000.0
2011-11-14,41.9,42.21,41.58,41.69,827600.0
2011-11-15,41.63,42.27,41.55,42.12,867300.0
2011-11-16,41.93,41.98,41.01,41.13,1353700.0
2011-11-17,41.05,41.23,40.59,40.76,1353600.0
2011-11-18,40.91,40.91,40.16,40.21,1346600.0
2011-11-21,39.92,40.07,39.33,39.9,1462500.0
2011-11-22,39.74,40.21,39.515,39.84,1023900.0
2011-11-23,39.57,39.73,39.28,39.35,1074200.0
2011-11-25,39.36,40.12,39.36,39.44,661000.0
2011-11-28,40.14,40.85,40.14,40.39,1735000.0
2011-11-29,40.4,40.87,40.26,40.69,2776500.0
2011-11-30,41.11,42.32,41.06,42.32,2225200.0
2011-12-01,42.1,43.14,42.1,42.67,1510500.0
2011-12-02,42.99,43.7,42.8313,43.7,2158200.0
2011-12-05,43.77,43.85,43.3,43.52,2088100.0
2011-12-06,43.57,43.83,43.43,43.52,1107900.0
2011-12-07,43.41,43.54,42.89,43.08,1471400.0
2011-12-08,43.08,43.1194,42.24,42.48,1137300.0
2011-12-09,42.7,43.45,42.65,43.24,1542000.0
2011-12-12,43.03,43.19,42.68,43.07,1285600.0
2011-12-13,43.19,43.78,43.12,43.34,1749300.0
2011-12-14,43.24,43.49,42.72,42.76,935500.0
2011-12-15,43.41,43.58,43.06,43.41,2186500.0
2011-12-16,43.29,43.6,42.2,42.88,3195000.0
2011-12-19,42.96,43.11,42.29,42.42,1087800.0
2011-12-20,43.0,44.36,42.99,44.0,2404200.0
2011-12-21,43.99,44.35,43.71,43.93,1376400.0
2011-12-22,44.0,44.53,43.94,44.36,805700.0
2011-12-23,44.41,44.54,44.03,44.39,885000.0
2011-12-27,44.43,44.49,44.28,44.43,900700.0
2011-12-28,44.43,44.49,43.64,43.86,803000.0
2011-12-29,43.83,44.68,43.75,44.6,1502100.0
2011-12-30,44.44,44.92,44.37,44.8,986000.0
2012-01-03,45.29,45.29,44.67,44.92,2512300.0
2012-01-04,44.98,45.21,44.62,45.02,1828800.0
2012-01-05,45.1,45.1,44.66,44.98,1733400.0
2012-01-06,44.95,45.24,44.77,45.05,912600.0
2012-01-09,45.11,45.76,45.08,45.63,1577100.0
2012-01-10,45.75,46.46,45.75,46.13,1984100.0
2012-01-11,46.11,46.31,45.91,46.24,755500.0
2012-01-12,46.23,46.47,45.53,46.25,1498300.0
2012-01-13,46.0,46.18,45.67,46.0,872000.0
2012-01-17,46.25,46.49,45.69,45.83,800300.0
2012-01-18,45.83,46.04,44.92,45.84,3328300.0
2012-01-19,46.0,46.87,45.64,46.4,1394200.0
2012-01-20,47.04,47.05,46.13,46.22,1400900.0
2012-01-23,45.92,46.56,45.92,46.05,1138700.0
2012-01-24,46.12,46.12,45.41,45.94,977800.0
2012-01-25,46.0,46.78,45.56,46.7,1557500.0
2012-01-26,46.84,47.23,46.16,46.33,2684900.0
2012-01-27,46.28,49.46,46.16,48.72,7248000.0
2012-01-30,48.31,48.47,47.91,48.41,1368200.0
2012-01-31,48.72,48.91,48.3,48.48,3314600.0
2012-02-01,48.88,49.15,48.57,48.65,2825400.0
2012-02-02,48.8,49.55,48.6701,48.99,1497400.0
2012-02-03,49.33,49.56,48.92,49.22,1790600.0
2012-02-06,49.13,49.34,49.04,49.28,750800.0
2012-02-07,49.12,49.36,48.99,49.11,889700.0
2012-02-08,49.06,49.26,48.72,49.26,1651000.0
2012-02-09,49.27,49.35,48.68,49.31,986600.0
2012-02-10,48.86,49.32,48.82,49.31,1201900.0
2012-02-13,49.5,49.67,49.31,49.4,948700.0
2012-02-14,49.33,49.45,48.85,49.42,1427200.0
2012-02-15,49.65,51.06,49.5,50.65,4132200.0
2012-02-16,50.5,51.04,49.9908,50.81,4614100.0
2012-02-17,50.89,51.44,50.8,51.37,1488200.0
2012-02-21,51.21,51.64,50.97,51.47,2512700.0
2012-02-22,51.04,51.48,50.86,51.42,1482500.0
2012-02-23,51.36,52.01,51.0,52.01,1321300.0
2012-02-24,51.98,52.81,51.75,52.55,1497300.0
2012-02-27,52.06,52.06,51.19,51.8,2020700.0
2012-02-28,51.95,52.15,51.765,52.09,1867300.0
2012-02-29,52.0,52.29,51.61,51.81,1241900.0
2012-03-01,52.0,52.88,51.74,52.84,2369800.0
2012-03-02,52.82,53.54,52.61,53.15,1705700.0
2012-03-05,53.03,53.36,52.83,53.12,1118300.0
2012-03-06,52.72,52.9,52.19,52.39,1915900.0
2012-03-07,52.67,52.8,52.33,52.59,1427500.0
2012-03-08,54.0,54.42,53.55,53.74,8724400.0
2012-03-09,54.06,54.53,53.87,54.43,4647700.0
2012-03-12,55.52,55.99,54.67,54.95,9560500.0
2012-03-13,55.24,55.255,53.65,53.98,49940000.0
2012-03-14,53.2,53.4,51.98,52.44,6701500.0
2012-03-15,52.31,53.22,52.26,52.55,2663600.0
2012-03-16,52.34,53.01,51.83,52.23,3845900.0
2012-03-19,52.23,53.24,52.12,53.09,2728400.0
2012-03-20,52.77,53.1,52.5,52.75,2641300.0
2012-03-21,52.76,53.41,52.75,53.12,2154200.0
2012-03-22,53.01,53.27,52.8509,53.02,1690600.0
2012-03-23,53.18,53.39,52.87,53.2,1445200.0
2012-03-26,53.56,53.78,53.21,53.58,1053300.0
2012-03-27,53.56,53.68,53.05,53.14,1457600.0
2012-03-28,53.01,53.18,52.61,52.99,1188600.0
2012-03-29,52.86,53.01,52.28,53.0,1291400.0
2012-03-30,53.34,53.68,52.92,53.34,1116400.0
2012-04-02,53.38,53.77,52.68,53.37,1897100.0
2012-04-03,53.67,53.67,52.71,53.06,2551800.0
2012-04-04,52.84,53.01,51.86,52.85,1954300.0
2012-04-05,53.0999,53.725,52.57,53.4,1954000.0
2012-04-09,52.71,53.16,52.63,53.03,1560600.0
2012-04-10,53.0,53.18,52.5,52.6,1768300.0
2012-04-11,53.3,54.075,53.175,53.89,2486300.0
2012-04-12,53.81,54.63,53.62,54.38,1574300.0
2012-04-13,54.31,54.4799,53.83,53.86,1419000.0
2012-04-16,54.27,54.47,53.7,54.26,1915900.0
2012-04-17,54.59,55.14,54.02,54.99,2102700.0
2012-04-18,54.64,54.94,54.22,54.93,1708500.0
2012-04-19,55.0,55.12,54.43,54.79,2268800.0
2012-04-20,54.73,55.16,54.41,54.9,2515100.0
2012-04-23,54.46,54.78,54.25,54.7,1446400.0
2012-04-24,54.81,55.25,54.46,55.0,1085500.0
2012-04-25,55.43,56.29,55.385,56.09,2061100.0
2012-04-26,56.17,57.78,55.63,56.26,2582500.0
2012-04-27,56.51,56.97,56.395,56.61,2844400.0
2012-04-30,56.67,56.86,56.41,56.61,2189000.0
2012-05-01,56.69,56.92,56.32,56.38,2233500.0
2012-05-02,55.97,56.55,55.9,56.41,1868000.0
2012-05-03,56.52,57.12,56.31,56.52,2610900.0
2012-05-04,56.23,56.5,55.62,55.8,1761200.0
2012-05-07,55.76,56.23,55.45,56.05,1730200.0
2012-05-08,55.66,55.86,55.14,55.75,1767900.0
2012-05-09,55.45,55.89,55.0,55.37,2292200.0
2012-05-10,55.79,55.94,55.07,55.56,1188800.0
2012-05-11,55.37,56.05,55.26,55.64,1268700.0
2012-05-14,55.31,55.31,54.36,54.38,1855600.0
2012-05-15,54.42,54.9,54.03,54.28,1608900.0
2012-05-16,54.31,54.65,54.15,54.27,1557800.0
2012-05-17,54.3,54.47,52.98,53.1,1649800.0
2012-05-18,53.2,53.49,52.5817,52.86,2215500.0
2012-05-21,53.03,53.49,52.77,53.45,2714300.0
2012-05-22,53.48,54.135,53.41,53.6,1585900.0
2012-05-23,53.07,53.91,52.99,53.81,1685600.0
2012-05-24,53.83,54.77,53.56,54.31,2151300.0
2012-05-25,54.45,54.78,54.07,54.17,1283000.0
2012-05-29,54.4,54.86,54.2201,54.85,1146700.0
2012-05-30,54.51,54.52,53.93,54.23,1925200.0
2012-05-31,54.16,54.79,53.73,54.6,2150100.0
2012-06-01,53.92,53.9388,52.91,53.08,2026600.0
2012-06-04,53.05,53.56,52.84,53.55,1324300.0
2012-06-05,53.44,53.9,53.17,53.81,1290900.0
2012-06-06,54.03,54.78,53.99,54.7,1312500.0
2012-06-07,55.37,55.56,55.04,55.13,1817200.0
2012-06-08,55.0,56.04,54.5,55.89,2597000.0
2012-06-11,56.42,56.89,55.99,56.0,2274300.0
2012-06-12,56.08,56.67,56.08,56.62,2220300.0
2012-06-13,56.46,57.51,56.36,56.87,1708800.0
2012-06-14,57.03,57.7,56.52,57.5,1429900.0
2012-06-15,57.77,58.03,57.51,57.75,3246300.0
2012-06-18,57.95,58.97,57.59,58.8,1460300.0
2012-06-19,59.03,59.11,57.5,57.76,3151500.0
2012-06-20,57.84,57.95,56.92,57.65,2069400.0
2012-06-21,57.61,57.78,56.22,56.28,1888600.0
2012-06-22,56.63,56.83,56.31,56.65,1237800.0
2012-06-25,55.91,56.64,55.9,56.46,1307700.0
2012-06-26,56.33,57.66,56.29,57.5,2453000.0
2012-06-27,57.6,58.6,57.554,58.36,1718200.0
2012-06-28,58.11,58.32,57.44,57.98,1235300.0
2012-06-29,58.85,59.26,58.25,58.66,1857000.0
2012-07-02,58.89,60.03,58.66,60.01,1680700.0
2012-07-03,59.91,60.35,59.61,60.33,1143700.0
2012-07-05,60.25,60.25,59.5,59.6,1362400.0
2012-07-06,59.21,59.48,59.11,59.42,797000.0
2012-07-09,59.25,59.92,59.0,59.84,819500.0
2012-07-10,60.11,60.16,59.01,59.36,1796900.0
2012-07-11,59.45,59.48,58.57,59.17,1886500.0
2012-07-12,58.9,60.22,58.57,59.67,2747900.0
2012-07-13,59.64,60.72,59.64,60.66,1699900.0
2012-07-16,60.68,60.91,59.7,59.77,1415600.0
2012-07-17,60.0,60.57,59.62,60.26,1971800.0
2012-07-18,60.08,60.67,58.39,58.82,2648300.0
2012-07-19,59.02,59.19,58.52,59.1,1779300.0
2012-07-20,58.96,59.3,58.74,59.0,1435700.0
2012-07-23,58.47,58.85,58.12,58.68,698900.0
2012-07-24,58.17,58.55,57.62,57.92,1533600.0
2012-07-25,58.14,58.31,57.6,57.76,1319700.0
2012-07-26,59.76,62.95,59.18,60.69,3117600.0
2012-07-27,60.85,61.95,60.85,61.69,1502600.0
2012-07-30,61.74,62.57,61.61,62.53,1157500.0
2012-07-31,62.44,63.19,61.67,61.88,2883800.0
2012-08-01,61.98,62.93,61.67,61.84,1623400.0
2012-08-02,61.53,62.17,61.2406,62.0,1393200.0
2012-08-03,62.83,63.13,62.28,62.52,1581100.0
2012-08-06,62.79,62.97,62.21,62.33,885500.0
2012-08-07,62.5,62.59,60.98,62.04,1114700.0
2012-08-08,62.08,62.38,61.71,61.91,1547600.0
2012-08-09,61.73,61.97,61.45,61.88,847000.0
2012-08-10,61.63,62.49,61.58,62.42,1782300.0
2012-08-13,62.13,62.65,62.01,62.5,702900.0
2012-08-14,62.82,62.93,62.17,62.87,1346100.0
2012-08-15,62.73,63.44,62.72,63.3,1744300.0
2012-08-16,63.4,63.4,62.43,62.61,1302100.0
2012-08-17,63.0,63.09,61.93,62.49,1612800.0
2012-08-20,62.56,62.58,61.67,62.1,1030500.0
2012-08-21,62.29,63.07,61.77,61.93,1232500.0
2012-08-22,61.66,62.13,61.52,61.92,752200.0
2012-08-23,61.99,62.03,61.44,61.64,1129300.0
2012-08-24,61.53,62.025,61.33,61.89,1053400.0
2012-08-27,61.91,62.06,61.53,62.05,1099200.0
2012-08-28,61.95,62.54,61.95,62.44,1360200.0
2012-08-29,62.4,63.17,62.31,62.82,1603700.0
2012-08-30,62.62,63.32,62.39,63.15,1209400.0
2012-08-31,63.32,63.74,62.54,63.46,1805700.0
2012-09-04,63.48,63.82,62.84,63.21,2998100.0
2012-09-05,63.53,63.69,63.08,63.62,2625200.0
2012-09-06,63.94,65.1,63.94,64.92,2205600.0
2012-09-07,64.9,65.31,64.4,64.5,2355200.0
2012-09-10,64.5,64.67,63.7,63.75,1259500.0
2012-09-11,63.76,64.41,63.64,64.12,1345700.0
2012-09-12,64.18,64.2,63.39,63.74,1101700.0
2012-09-13,63.65,64.48,63.65,64.03,1783500.0
2012-09-14,64.27,64.51,63.16,63.49,1785900.0
2012-09-17,63.5,64.21,63.42,64.16,2155800.0
2012-09-18,64.22,64.52,63.75,64.19,1751600.0
2012-09-19,64.22,65.0,64.08,64.89,1391200.0
2012-09-20,64.63,65.43,64.3,65.04,1599500.0
2012-09-21,65.27,66.11,65.25,65.26,6587500.0
2012-09-24,64.46,64.73,63.82,63.97,2461500.0
2012-09-25,64.1,64.59,63.64,63.64,1665100.0
2012-09-26,63.53,64.27,63.39,64.04,1147800.0
2012-09-27,64.4,64.94,64.02,64.91,984700.0
2012-09-28,65.02,65.43,64.0,64.1,2723300.0
2012-10-01,64.2,64.93,63.43,63.78,1639800.0
2012-10-02,63.86,64.655,63.67,64.59,1324100.0
2012-10-03,64.75,66.79,64.39,66.4,2482400.0
2012-10-04,67.61,67.61,65.27,65.79,1593900.0
2012-10-05,66.04,66.21,65.56,65.8,1311400.0
2012-10-08,65.52,65.75,64.72,65.42,873200.0
2012-10-09,65.25,65.36,63.95,64.07,1622600.0
2012-10-10,64.12,64.83,64.085,64.73,1818900.0
2012-10-11,65.45,65.6,63.98,63.98,1739200.0
2012-10-12,64.1,64.69,63.82,64.65,1014200.0
2012-10-15,64.84,67.214,64.58,67.05,1830800.0
2012-10-16,67.15,67.64,66.72,67.17,1310800.0
2012-10-17,67.32,67.56,66.42,66.7,1460700.0
2012-10-18,66.67,67.35,66.34,67.06,1247800.0
2012-10-19,66.96,67.07,65.57,65.72,1028700.0
2012-10-22,65.6,66.3,65.25,65.43,1271400.0
2012-10-23,65.0,65.705,64.1701,65.23,1491600.0
2012-10-24,65.63,66.465,65.17,65.96,1912700.0
2012-10-25,65.01,66.34,63.42,66.05,3231000.0
2012-10-26,65.94,66.71,65.7215,66.46,1390800.0
2012-10-31,66.5,67.04,66.342,66.75,1237300.0
2012-11-01,66.97,67.33,66.11,67.32,1237300.0
2012-11-02,67.73,68.63,67.54,67.7,1878100.0
2012-11-05,67.53,67.53,66.38,66.84,1570200.0
2012-11-06,67.16,67.64,66.8,67.23,1541000.0
2012-11-07,67.36,68.69,67.05,67.29,2856700.0
2012-11-08,67.09,67.59,66.78,66.8,1550800.0
2012-11-09,66.63,67.31,66.29,66.83,1539400.0
2012-11-12,66.78,66.82,66.285,66.5,1118700.0
2012-11-13,66.3,67.45,66.16,66.66,934000.0
2012-11-14,66.7,66.83,65.29,65.44,1435800.0
2012-11-15,65.4,65.55,63.74,64.21,1976200.0
2012-11-16,64.28,65.4825,64.14,65.18,2406600.0
2012-11-19,65.67,66.27,65.37,65.87,1047400.0
2012-11-20,65.92,66.51,65.6,65.97,927700.0
2012-11-21,65.97,66.69,65.58,66.54,909100.0
2012-11-23,66.65,67.55,66.29,67.55,502600.0
2012-11-26,67.27,67.54,66.13,66.66,1555800.0
2012-11-27,66.57,66.88,66.17,66.49,1045700.0
2012-11-28,66.32,66.83,65.22,66.81,1117900.0
2012-11-29,67.03,67.6,66.685,67.44,1199700.0
2012-11-30,67.42,68.2,67.06,67.52,1636300.0
2012-12-03,67.85,67.9878,67.21,67.47,863800.0
2012-12-04,67.67,67.79,67.15,67.19,1283300.0
2012-12-05,67.19,67.38,65.97,66.75,1328600.0
2012-12-06,66.97,67.27,66.28,67.24,1394400.0
2012-12-07,67.44,68.65,67.4,68.45,1167400.0
2012-12-10,68.78,68.78,67.68,67.88,1040700.0
2012-12-11,67.96,68.6,67.81,68.59,1693800.0
2012-12-12,68.85,70.98,68.62,70.46,2182200.0
2012-12-13,70.31,71.07,70.25,70.48,1622600.0
2012-12-14,70.18,71.7,70.14,71.16,1765400.0
2012-12-17,71.25,71.67,70.86,71.24,1361800.0
2012-12-18,71.45,71.53,70.75,71.26,1825900.0
2012-12-19,71.49,71.5,70.63,70.64,981500.0
2012-12-20,70.96,71.54,70.76,71.53,1020800.0
2012-12-21,71.01,71.84,71.01,71.26,2322700.0
2012-12-24,71.09,71.48,70.78,71.24,461700.0
2012-12-26,71.19,71.3,69.73,70.88,744200.0
2012-12-27,70.84,71.4,70.09,71.11,811200.0
2012-12-28,70.68,71.39,70.54,70.65,759700.0
2012-12-31,70.7,72.3,70.68,72.16,1396400.0
2013-01-02,73.28,75.1,72.9,75.1,3797900.0
2013-01-03,74.95,74.95,73.27,73.6,2517000.0
2013-01-04,73.58,73.84,73.02,73.54,1704300.0
2013-01-07,73.21,73.595,72.57,72.76,1585200.0
2013-01-08,72.89,73.07,72.25,72.67,1376600.0
2013-01-09,72.96,73.56,72.38,72.59,2423400.0
2013-01-10,73.13,73.39,72.41,73.18,1960500.0
2013-01-11,73.25,73.28,72.69,72.78,1412200.0
2013-01-14,72.54,73.112,72.5,72.94,1121700.0
2013-01-15,72.88,73.26,72.37,73.21,1884500.0
2013-01-16,73.12,74.47,72.79,74.01,2075000.0
2013-01-17,74.05,74.43,73.68,74.0,1386200.0
2013-01-18,73.88,74.45,73.76,74.29,1660100.0
2013-01-22,74.34,75.0,74.09,74.76,1023300.0
2013-01-23,74.67,75.44,74.56,75.13,1199300.0
2013-01-24,74.91,75.5,73.3,74.32,3028900.0
2013-01-25,74.58,74.58,73.21,73.45,2162300.0
2013-01-28,73.71,73.89,73.3,73.38,1689400.0
2013-01-29,73.7,73.73,72.47,72.56,2060300.0
2013-01-30,72.55,72.55,70.87,70.94,4862700.0
2013-01-31,70.88,71.32,69.99,70.52,2983500.0
2013-02-01,70.74,71.71,70.725,71.49,1647300.0
2013-02-04,71.1,71.6,70.11,70.19,2679700.0
2013-02-05,70.5,71.26,70.4,71.06,1925100.0
2013-02-06,70.76,70.8399,70.32,70.49,1979600.0
2013-02-07,70.59,70.81,69.91,70.32,1511200.0
2013-02-08,70.32,71.035,70.13,70.79,2500200.0
2013-02-11,70.74,70.74,69.99,70.03,1616200.0
2013-02-12,70.03,70.09,68.2,68.31,3238900.0
2013-02-13,68.31,68.38,67.5,68.04,4127200.0
2013-02-14,67.68,67.83,66.13,66.66,7042200.0
2013-02-15,66.68,68.0799,66.495,67.9,4525600.0
2013-02-19,68.0,68.15,66.7,67.04,2546700.0
2013-02-20,67.04,67.54,66.95,67.13,2474500.0
2013-02-21,66.77,68.08,66.52,68.0,3077900.0
2013-02-22,68.05,70.66,68.05,69.97,3814900.0
2013-02-25,70.25,71.72,69.56,69.57,2192500.0
2013-02-26,69.62,70.11,69.58,69.75,1817700.0
2013-02-27,69.52,70.49,69.48,70.38,2215600.0
2013-02-28,70.39,70.56,69.77,69.8,2512000.0
2013-03-01,69.71,70.37,69.42,70.14,2271000.0
2013-03-04,69.99,71.12,69.84,70.97,1579600.0
2013-03-05,71.19,71.98,71.1,71.6,1572900.0
2013-03-06,71.82,72.47,71.795,72.13,1609700.0
2013-03-07,72.0,72.46,71.79,72.08,1473200.0
2013-03-08,72.45,72.63,71.07,71.79,1217000.0
2013-03-11,71.57,71.83,71.12,71.56,1192900.0
2013-03-12,71.5,71.64,70.499,70.63,1736500.0
2013-03-13,70.63,71.19,70.29,70.96,1482500.0
2013-03-14,71.19,71.43,70.82,71.11,839300.0
2013-03-15,70.77,70.86,69.9,69.99,1949300.0
2013-03-18,69.41,70.11,69.035,69.66,1191200.0
2013-03-19,70.01,70.2804,69.65,69.99,1580700.0
2013-03-20,70.23,70.76,69.96,70.65,1485700.0
2013-03-21,70.13,71.1,70.05,70.15,1671200.0
2013-03-22,70.35,71.4,70.22,70.74,1349600.0
2013-03-25,71.0,71.24,69.95,70.41,1147700.0
2013-03-26,70.79,70.83,70.24,70.48,1612200.0
2013-03-27,70.29,70.68,69.87,70.66,1290100.0
2013-03-28,70.67,70.7,69.43,69.64,2782800.0
2013-04-01,69.69,70.17,69.63,69.79,1935400.0
2013-04-02,70.18,70.73,70.18,70.6,1442200.0
2013-04-03,70.53,70.68,69.361,69.61,1661300.0
2013-04-04,69.7,70.72,69.7,70.28,1478600.0
2013-04-05,69.69,71.02,69.5,70.83,2216400.0
2013-04-08,70.71,72.12,70.7,72.12,1005600.0
2013-04-09,72.31,72.53,71.42,72.33,1258900.0
2013-04-10,72.49,73.35,72.4,73.2,1406500.0
2013-04-11,73.18,74.05,73.101,73.7,1007500.0
2013-04-12,73.52,73.86,72.92,73.39,1477100.0
2013-04-15,73.44,74.41,73.16,73.21,1861600.0
2013-04-16,73.56,74.04,72.83,74.03,1546900.0
2013-04-17,73.69,73.79,72.745,72.83,2217900.0
2013-04-18,72.98,74.41,72.74,74.35,2262400.0
2013-04-19,74.58,75.11,74.31,75.01,1293800.0
2013-04-22,75.02,75.17,74.4,74.54,968600.0
2013-04-23,74.8,75.1,74.11,74.88,1559300.0
2013-04-24,74.85,74.85,73.24,73.9,1446300.0
2013-04-25,75.26,79.0,75.26,78.36,5051300.0
2013-04-26,78.35,78.6,77.37,77.38,1912100.0
2013-04-29,77.54,78.12,77.13,77.35,1583100.0
2013-04-30,77.49,77.91,76.65,77.0,2605700.0
2013-05-01,77.07,78.2,76.79,76.87,2551600.0
2013-05-02,77.29,78.21,77.15,77.48,1880000.0
2013-05-03,78.02,78.62,77.81,78.23,1476100.0
2013-05-06,78.11,78.26,77.32,77.94,1030200.0
2013-05-07,77.94,78.61,77.8,78.4,729700.0
2013-05-08,78.24,79.27,78.155,79.26,1428500.0
2013-05-09,79.07,79.31,78.71,79.02,1120600.0
2013-05-10,78.95,79.61,78.4701,78.71,914400.0
2013-05-13,78.49,79.3,78.47,78.69,916400.0
2013-05-14,79.15,81.16,78.81,79.77,1323300.0
2013-05-15,79.46,79.95,79.01,79.43,772400.0
2013-05-16,79.17,79.31,77.76,77.77,2090900.0
2013-05-17,77.55,78.62,77.22,77.87,2695200.0
2013-05-20,78.02,78.54,76.66,76.73,3060300.0
2013-05-21,76.97,77.07,76.48,76.88,1707900.0
2013-05-22,76.78,76.9,73.86,74.05,2159600.0
2013-05-23,73.37,73.66,72.75,73.38,2965800.0
2013-05-24,73.18,73.78,72.77,73.72,1729500.0
2013-05-28,74.51,74.98,73.22,73.33,2273700.0
2013-05-29,72.81,73.12,69.87,71.74,4659300.0
2013-05-30,71.94,72.995,71.9,72.0,2519900.0
2013-05-31,71.67,72.63,71.25,71.25,3280000.0
2013-06-03,71.25,71.45,70.52,70.87,2798700.0
2013-06-04,70.88,71.71,69.75,69.85,3315200.0
2013-06-05,69.75,70.06,69.24,69.76,3506700.0
2013-06-06,69.76,70.76,69.72,70.64,3516000.0
2013-06-07,70.09,70.825,70.09,70.28,4203300.0
2013-06-10,70.35,70.57,68.96,69.21,2708300.0
2013-06-11,68.71,69.66,68.54,69.35,2118500.0
2013-06-12,69.64,69.64,67.97,68.0,2261900.0
2013-06-13,68.28,69.78,67.7,69.74,5231800.0
2013-06-14,69.74,70.96,69.61,70.34,3132200.0
2013-06-17,70.74,70.95,70.1,70.34,2731200.0
2013-06-18,70.34,71.68,70.34,71.33,1573900.0
2013-06-19,71.26,71.38,69.46,69.54,2571600.0
2013-06-20,68.89,68.89,67.35,67.7,3659900.0
2013-06-21,68.08,68.755,67.06,68.53,3083200.0
2013-06-24,67.7,67.97,66.95,67.33,1967400.0
2013-06-25,67.91,68.68,67.58,68.32,1493700.0
2013-06-26,68.67,70.19,68.39,70.13,2958400.0
2013-06-27,70.54,73.29,70.48,72.47,4992600.0
2013-06-28,72.33,72.74,71.91,72.39,5256700.0
2013-07-01,72.5,73.29,72.19,72.31,3484400.0
2013-07-02,72.16,72.64,71.66,72.16,1982900.0
2013-07-03,71.88,72.61,71.38,72.4,925700.0
2013-07-05,72.65,72.65,71.005,72.21,1178000.0
2013-07-08,72.37,73.495,72.33,73.32,2272500.0
2013-07-09,73.9,73.9,72.45,72.69,2046700.0
2013-07-10,72.77,75.19,72.65,74.84,3505500.0
2013-07-11,75.9,77.46,75.9,76.72,3532800.0
2013-07-12,76.9,77.575,76.31,77.3,2178700.0
2013-07-15,77.62,78.0,76.154,77.36,1768800.0
2013-07-16,77.27,77.37,75.905,76.35,1970300.0
2013-07-17,75.52,76.55,73.87,76.44,4825100.0
2013-07-18,76.61,77.06,76.02,76.43,1928700.0
2013-07-19,76.5,77.115,76.16,76.72,1337000.0
2013-07-22,76.89,76.945,75.77,76.6,1372600.0
2013-07-23,76.94,77.22,76.415,76.85,1240900.0
2013-07-24,76.96,77.058,76.1625,76.72,1642400.0
2013-07-25,76.89,76.89,73.3357,73.69,3543400.0
2013-07-26,73.52,74.28,73.21,73.35,1725300.0
2013-07-29,73.39,73.92,72.38,72.49,2278800.0
2013-07-30,72.9,72.97,71.88,71.92,2001800.0
2013-07-31,72.35,72.59,69.36,70.25,4505200.0
2013-08-01,70.54,70.73,69.47,69.62,3051900.0
2013-08-02,69.65,70.06,69.12,69.3,3348800.0
2013-08-05,69.96,70.845,69.17,70.56,2457200.0
2013-08-06,70.35,70.47,69.51,69.79,1808200.0
2013-08-07,69.1,69.85,68.3,68.34,2397000.0
2013-08-08,68.4,68.83,68.11,68.69,1676300.0
2013-08-09,68.39,69.35,68.17,68.76,1605900.0
2013-08-12,68.37,68.77,67.13,67.44,2305600.0
2013-08-13,67.68,67.81,66.73,67.66,2366400.0
2013-08-14,67.54,67.83,67.32,67.77,1771200.0
2013-08-15,67.07,68.26,66.89,68.25,2461200.0
2013-08-16,67.97,68.48,67.76,67.91,2113300.0
2013-08-19,67.7,69.06,67.7,68.5,1869000.0
2013-08-20,68.56,69.29,68.07,68.96,1589400.0
2013-08-21,68.71,68.9722,68.24,68.26,1112100.0
2013-08-22,68.18,68.31,67.81,68.13,839200.0
2013-08-23,68.49,69.87,68.15,69.73,1149600.0
2013-08-26,69.68,70.03,68.933,68.99,799900.0
2013-08-27,68.44,70.2,68.44,69.95,2459200.0
2013-08-28,69.92,70.25,69.7,69.82,1931100.0
2013-08-29,69.56,70.46,69.5,69.91,889000.0
2013-08-30,70.1,70.24,69.21,69.42,1303500.0
2013-09-03,69.32,70.13,68.99,69.23,1103400.0
2013-09-04,69.18,70.05,69.02,69.94,1263600.0
2013-09-05,69.79,70.2,68.69,69.22,1716700.0
2013-09-06,69.59,72.0,69.52,70.55,4950000.0
2013-09-09,72.2,72.49,71.31,72.45,4295800.0
2013-09-10,72.62,73.51,72.56,73.21,2163000.0
2013-09-11,73.12,73.22,72.85,73.03,1211200.0
2013-09-12,73.06,73.06,70.79,70.83,3618700.0
2013-09-13,70.87,71.075,69.73,69.86,2947000.0
2013-09-16,70.85,71.04,70.22,70.5,2444700.0
2013-09-17,70.59,70.78,70.2,70.45,1723900.0
2013-09-18,70.1,71.08,69.28,70.6,4906200.0
2013-09-19,70.88,71.67,70.66,71.21,2391000.0
2013-09-20,71.0,71.47,70.46,70.62,2555800.0
2013-09-23,70.41,71.05,70.36,70.65,1341400.0
2013-09-24,70.74,70.86,70.25,70.33,1177100.0
2013-09-25,70.28,71.44,70.06,71.43,1701700.0
2013-09-26,71.56,73.065,71.53,73.0,2189800.0
2013-09-27,72.96,73.28,72.51,72.71,2116100.0
2013-09-30,72.51,73.14,71.98,73.03,1823800.0
2013-10-01,73.21,73.21,71.92,72.13,2169900.0
2013-10-02,71.65,72.03,71.31,71.57,1829500.0
2013-10-03,71.35,71.57,70.89,71.1,2156600.0
2013-10-04,71.21,71.65,70.4,70.66,1748100.0
2013-10-07,71.11,71.7,70.52,71.3,986300.0
2013-10-08,71.15,71.26,70.01,70.26,1140700.0
2013-10-09,70.47,70.75,69.87,70.44,2385100.0
2013-10-10,70.8,71.11,69.995,70.81,1927200.0
2013-10-11,70.84,71.41,70.46,71.37,1573100.0
2013-10-14,71.05,71.94,70.96,71.93,1685000.0
2013-10-15,71.72,72.466,71.65,72.01,1531500.0
2013-10-16,72.39,74.34,72.38,74.27,2036800.0
2013-10-17,74.17,76.9,74.07,76.81,3120300.0
2013-10-18,76.93,77.22,75.56,75.96,3262200.0
2013-10-21,74.03,75.36,72.81,74.66,6638200.0
2013-10-22,75.52,75.9,74.43,74.87,5632100.0
2013-10-23,74.05,74.5,73.35,74.0,29454800.0
2013-10-24,74.18,76.72,74.06,76.58,10423700.0
2013-10-25,76.05,76.48,75.59,76.11,3457200.0
2013-10-28,76.2,76.4,75.2,75.87,3264400.0
2013-10-29,75.84,76.57,75.31,76.54,3640000.0
2013-10-30,76.55,76.75,75.76,76.47,3726500.0
2013-10-31,76.62,76.76,75.225,76.02,5070100.0
2013-11-01,75.94,76.28,74.01,75.18,3965700.0
2013-11-04,75.43,75.69,74.8,75.23,1891600.0
2013-11-05,75.01,76.23,75.01,76.14,2756900.0
2013-11-06,76.23,76.64,76.005,76.3,2210800.0
2013-11-07,76.5,76.85,75.225,75.38,2420200.0
2013-11-08,75.62,75.62,72.59,74.54,3416600.0
2013-11-11,74.75,75.0,74.29,74.63,1282100.0
2013-11-12,74.49,74.92,74.01,74.31,1582600.0
2013-11-13,74.37,74.64,73.61,74.63,1470200.0
2013-11-14,74.72,76.02,74.65,75.5,2052700.0
2013-11-15,75.26,76.365,75.14,76.09,1701200.0
2013-11-18,76.08,76.9,75.65,76.32,1830700.0
2013-11-19,76.14,76.76,75.26,75.52,1564200.0
2013-11-20,75.41,76.37,74.31,74.81,2274700.0
2013-11-21,74.93,75.085,74.01,74.43,1414500.0
2013-11-22,74.42,74.664,73.22,74.19,1855900.0
2013-11-25,74.2,74.47,73.73,73.87,1828100.0
2013-11-26,73.6,75.0,73.1,74.59,3782100.0
2013-11-27,74.47,74.91,73.9604,74.55,1065200.0
2013-11-29,74.45,74.79,74.04,74.23,906900.0
2013-12-02,74.1,75.35,73.79,75.0,2239900.0
2013-12-03,74.77,75.3,74.43,75.16,2244800.0
2013-12-04,74.74,74.74,73.81,74.51,2664300.0
2013-12-05,74.48,74.86,73.95,74.55,1888800.0
2013-12-06,74.69,75.43,74.61,75.4,1366500.0
2013-12-09,75.38,75.71,74.88,75.34,1900200.0
2013-12-10,75.33,76.08,75.04,75.21,1576800.0
2013-12-11,74.79,75.14,74.0,74.14,1554100.0
2013-12-12,74.0,74.41,73.8477,74.05,1488900.0
2013-12-13,74.0,74.48,73.59,73.91,1726800.0
2013-12-16,73.77,73.77,70.97,72.17,7999400.0
2013-12-17,72.21,72.41,71.27,71.61,2534100.0
2013-12-18,71.48,72.225,70.43,72.2,3814200.0
2013-12-19,72.21,73.07,71.92,73.0,2743400.0
2013-12-20,72.92,73.03,71.8,71.98,3787800.0
2013-12-23,72.32,72.54,71.87,72.15,1510000.0
2013-12-24,71.99,72.75,71.88,72.44,685100.0
2013-12-26,72.7,72.9349,72.42,72.56,1241200.0
2013-12-27,72.67,72.815,72.32,72.57,1292900.0
2013-12-30,72.64,73.6,72.6,73.22,1312600.0
2013-12-31,73.43,73.69,73.09,73.43,1339700.0
2014-01-02,73.14,73.2,71.23,71.63,3659600.0
2014-01-03,71.71,72.21,70.91,71.24,3206100.0
2014-01-06,71.56,71.96,71.21,71.27,2993500.0
2014-01-07,71.46,72.78,71.34,72.77,3655200.0
2014-01-08,72.58,72.85,71.93,72.02,5108000.0
2014-01-09,72.36,72.56,71.33,71.77,2570900.0
2014-01-10,71.56,72.0925,71.56,71.85,1739400.0
2014-01-13,71.82,72.19,71.51,71.6,2503200.0
2014-01-14,71.86,73.24,71.76,72.91,2609800.0
2014-01-15,73.1,74.48,72.92,74.28,2660700.0
2014-01-16,74.48,74.7,73.26,73.72,1886700.0
2014-01-17,74.37,74.76,73.14,74.22,3598000.0
2014-01-21,74.495,74.73,73.635,74.38,1683800.0
2014-01-22,74.4,75.0,73.51,73.77,4640600.0
2014-01-23,74.05,74.97,72.5504,73.2,7065200.0
2014-01-24,73.33,73.4,71.36,71.37,5264400.0
2014-01-27,71.31,71.69,70.43,70.84,3326800.0
2014-01-28,70.8,71.83,70.8,71.0,2423300.0
2014-01-29,70.36,70.93,70.17,70.47,3394300.0
2014-01-30,70.73,71.84,70.7,71.42,2676000.0
2014-01-31,70.67,71.55,70.46,70.96,2692000.0
2014-02-03,70.96,71.136,68.83,68.96,3179900.0
2014-02-04,69.29,69.34,68.44,69.08,3039600.0
2014-02-05,68.87,69.27,68.56,69.12,3206900.0
2014-02-06,69.27,70.68,69.06,70.53,2721500.0
2014-02-07,70.82,71.73,69.79,71.56,3009500.0
2014-02-10,71.55,72.41,71.55,72.39,2431200.0
2014-02-11,72.57,73.51,72.34,73.32,2496800.0
2014-02-12,73.42,73.64,73.02,73.15,1366300.0
2014-02-13,72.91,74.69,72.71,74.55,2900700.0
2014-02-14,74.34,75.04,74.17,75.02,1711300.0
2014-02-18,75.14,75.28,74.29,74.4,1919300.0
2014-02-19,74.01,75.2,73.67,74.51,2236900.0
2014-02-20,74.58,76.54,74.58,76.29,2636600.0
2014-02-21,76.36,76.53,74.78,74.88,2107900.0
2014-02-24,74.99,75.7004,74.688,74.72,1406300.0
2014-02-25,74.49,74.86,74.03,74.26,1968200.0
2014-02-26,74.26,74.51,73.38,73.7,1555400.0
2014-02-27,73.79,75.525,73.745,75.46,1636200.0
2014-02-28,75.64,75.91,74.6201,75.9,11710100.0
2014-03-03,75.08,75.44,74.03,74.75,2232800.0
2014-03-04,75.41,75.885,74.34,74.8,2912200.0
2014-03-05,74.91,74.91,73.83,74.51,3293400.0
2014-03-06,74.53,75.08,74.37,74.9,2542100.0
2014-03-07,74.92,74.975,73.12,74.63,3121700.0
2014-03-10,74.54,75.1,74.215,74.74,2257100.0
2014-03-11,74.72,75.43,74.56,75.11,1930300.0
2014-03-12,74.91,75.8,74.82,75.74,2186200.0
2014-03-13,75.85,75.928,74.96,75.18,2190000.0
2014-03-14,75.01,75.8599,74.88,74.94,1227800.0
2014-03-17,75.0,75.47,74.73,74.88,1926800.0
2014-03-18,74.8,75.31,74.56,74.82,1279800.0
2014-03-19,74.98,75.33,73.38,73.67,1469600.0
2014-03-20,73.51,74.52,73.15,74.17,1223800.0
2014-03-21,74.65,74.82,73.4,73.7,3586200.0
2014-03-24,74.045,74.71,72.81,74.13,1745800.0
2014-03-25,74.28,74.77,73.16,73.69,1828500.0
2014-03-26,74.07,74.44,73.41,73.42,1312300.0
2014-03-27,73.51,75.325,73.32,75.18,2612100.0
2014-03-28,75.18,75.54,74.44,74.61,1432700.0
2014-03-31,75.08,75.16,73.71,73.78,2511100.0
2014-04-01,74.13,74.9,74.0,74.76,1734700.0
2014-04-02,74.6,75.22,74.52,74.63,1535900.0
2014-04-03,74.9,75.2,74.39,75.06,1302400.0
2014-04-04,75.38,75.48,74.4,74.75,2842000.0
2014-04-07,74.64,75.05,74.09,74.4,3359500.0
2014-04-08,74.07,75.17,74.07,74.61,2701800.0
2014-04-09,74.65,75.1775,74.04,74.45,1660500.0
2014-04-10,74.38,75.33,73.35,73.37,3138900.0
2014-04-11,73.06,73.22,72.0,72.1,2326100.0
2014-04-14,72.65,73.91,72.49,73.04,1852700.0
2014-04-15,73.2,73.5,72.9,73.5,2037600.0
2014-04-16,74.09,74.52,73.96,74.0,2745900.0
2014-04-17,73.93,74.46,73.61,73.92,2176800.0
2014-04-21,74.18,74.75,73.95,74.75,1915400.0
2014-04-22,74.62,75.27,74.51,75.01,1697900.0
2014-04-23,74.84,74.975,74.08,74.85,3159000.0
2014-04-24,74.81,75.04,73.12,73.84,4182600.0
2014-04-25,73.51,73.57,72.64,72.78,1935200.0
2014-04-28,73.13,73.14,71.29,71.73,2530000.0
2014-04-29,72.02,72.49,71.55,71.8,2174200.0
2014-04-30,71.83,72.78,71.54,72.73,2586000.0
2014-05-01,72.86,73.59,72.63,73.54,1842000.0
2014-05-02,73.4,75.65,73.3525,74.57,3503300.0
2014-05-05,74.25,76.5,74.21,76.46,2591100.0
2014-05-06,76.22,76.82,76.14,76.7,2502900.0
2014-05-07,77.02,77.82,77.0,77.7,3237300.0
2014-05-08,77.58,77.95,77.07,77.2,1911300.0
2014-05-09,77.21,77.5,76.83,77.24,2207100.0
2014-05-12,77.42,77.61,76.9,77.34,1661600.0
2014-05-13,77.32,77.6,77.02,77.23,2123500.0
2014-05-14,77.33,77.51,76.95,77.28,1820300.0
2014-05-15,76.94,77.09,76.15,76.82,1639900.0
2014-05-16,76.77,77.42,76.41,76.8,1579900.0
2014-05-19,76.74,76.88,76.18,76.37,1485100.0
2014-05-20,76.27,76.6599,75.61,75.94,1105000.0
2014-05-21,76.12,76.79,76.05,76.56,1711400.0
2014-05-22,76.63,76.82,76.28,76.39,1599200.0
2014-05-23,76.43,76.6,75.54,76.0,1722300.0
2014-05-27,76.17,76.7,75.76,76.42,1173600.0
2014-05-28,76.09,76.71,76.0,76.61,839300.0
2014-05-29,76.68,76.895,76.03,76.63,1217500.0
2014-05-30,76.51,76.85,76.415,76.73,2073700.0
2014-06-02,76.84,77.11,76.18,76.29,2014500.0
2014-06-03,76.31,76.43,75.4,75.61,1786800.0
2014-06-04,75.65,76.13,75.41,75.47,1878500.0
2014-06-05,75.65,75.85,74.99,75.76,2907700.0
2014-06-06,76.03,76.17,75.58,75.9,1567700.0
2014-06-09,75.65,76.04,75.56,75.77,1375200.0
2014-06-10,75.41,75.7,74.99,75.38,1494900.0
2014-06-11,75.11,75.34,74.63,74.84,959900.0
2014-06-12,74.6,74.85,73.925,74.35,2125800.0
2014-06-13,74.09,74.38,73.02,73.8,2095200.0
2014-06-16,73.59,73.81,72.75,73.26,2425700.0
2014-06-17,73.23,73.58,72.81,73.26,1667800.0
2014-06-18,72.43,73.7,72.43,73.59,1770800.0
2014-06-19,73.89,74.03,73.53,73.99,1355700.0
2014-06-20,74.06,74.56,73.56,74.03,1690200.0
2014-06-23,73.98,74.14,73.63,74.06,993800.0
2014-06-24,73.78,75.2,73.78,74.21,1251600.0
2014-06-25,74.12,74.92,73.73,74.49,1271800.0
2014-06-26,74.49,74.76,74.11,74.31,698800.0
2014-06-27,74.12,74.91,73.885,74.24,1740900.0
2014-06-30,74.06,74.47,73.97,74.26,1860700.0
2014-07-01,74.53,74.86,74.12,74.67,1822200.0
2014-07-02,74.36,74.5,73.69,74.09,1405100.0
2014-07-03,75.55,75.55,73.54,74.16,823300.0
2014-07-07,74.05,74.47,73.89,73.92,1342600.0
2014-07-08,74.0,74.395,73.58,73.95,953100.0
2014-07-09,73.98,74.43,73.82,74.17,1724700.0
2014-07-10,73.68,74.9175,73.57,74.49,2965800.0
2014-07-11,74.5,74.88,74.44,74.6,1397100.0
2014-07-14,74.79,75.23,74.75,74.85,984900.0
2014-07-15,74.99,74.99,73.72,74.15,1886000.0
2014-07-16,74.5,74.72,73.97,74.68,2505000.0
2014-07-17,74.41,74.69,73.84,73.91,1393700.0
2014-07-18,74.27,75.38,74.1225,75.0,2162600.0
2014-07-21,74.63,75.27,74.46,75.08,1701500.0
2014-07-22,75.44,76.22,75.21,75.54,1908100.0
2014-07-23,75.46,76.81,75.46,76.6,2461300.0
2014-07-24,76.5,76.5,73.45,73.83,5461400.0
2014-07-25,73.25,74.31,73.01,73.21,5582300.0
2014-07-28,73.29,75.02,73.17,74.95,2529800.0
2014-07-29,75.19,75.69,74.29,74.39,2034300.0
2014-07-30,74.74,75.25,73.93,74.5,1822700.0
2014-07-31,74.3,74.72,73.76,74.18,2825400.0
2014-08-01,74.24,75.02,73.41,73.47,1708000.0
2014-08-04,73.65,73.65,72.53,73.07,1710400.0
2014-08-05,72.61,73.2,72.61,72.85,1611500.0
2014-08-06,73.92,76.85,73.92,75.96,4620000.0
2014-08-07,76.16,76.8,75.83,76.6,3341100.0
2014-08-08,76.69,77.45,76.355,77.43,2739400.0
2014-08-11,77.45,78.56,77.28,77.77,2105700.0
2014-08-12,77.58,77.9,77.22,77.52,2017400.0
2014-08-13,77.54,77.72,76.99,77.65,2200600.0
2014-08-14,77.9,78.2,77.56,78.1,1115200.0
2014-08-15,78.17,78.71,77.82,78.46,2420400.0
2014-08-18,78.9,78.97,78.36,78.53,1804100.0
2014-08-19,78.59,78.73,78.18,78.34,1040100.0
2014-08-20,78.25,78.67,77.42,78.55,902400.0
2014-08-21,78.5,80.52,78.39,80.0,4409400.0
2014-08-22,79.85,80.25,79.2,79.48,2151200.0
2014-08-25,79.7,79.85,78.96,79.56,1426100.0
2014-08-26,79.67,79.89,79.27,79.57,1478500.0
2014-08-27,79.69,80.18,79.55,79.72,1630200.0
2014-08-28,79.62,79.93,79.25,79.75,907200.0
2014-08-29,79.95,79.95,79.42,79.51,991200.0
2014-09-02,79.77,79.8,79.22,79.53,1180000.0
2014-09-03,79.59,80.29,79.52,79.97,1147900.0
2014-09-04,79.94,80.65,79.8,80.24,1145900.0
2014-09-05,80.17,80.76,79.93,80.64,1267600.0
2014-09-08,80.71,81.0,80.19,80.53,791000.0
2014-09-09,80.33,80.33,79.1845,79.7,1320000.0
2014-09-10,79.45,80.0,79.07,79.92,1643700.0
2014-09-11,79.83,80.53,79.55,80.45,1896300.0
2014-09-12,80.25,80.3,78.42,78.79,3436500.0
2014-09-15,78.85,79.04,78.02,78.39,1151500.0
2014-09-16,78.2,79.26,78.09,79.22,1553500.0
2014-09-17,79.14,80.04,78.92,79.72,3432700.0
2014-09-18,80.1,80.65,79.54,80.18,3052700.0
2014-09-19,80.49,80.73,79.68,79.74,2890000.0
2014-09-22,79.42,79.63,78.52,78.58,1691881.0
2014-09-23,78.59,79.868,78.44,79.38,2294915.0
2014-09-24,79.34,79.98,79.16,79.75,2327886.0
2014-09-25,79.37,79.62,78.39,78.95,3809249.0
2014-09-26,79.25,79.93,78.88,79.8,1872547.0
2014-09-29,79.32,79.94,79.08,79.81,1251679.0
2014-09-30,79.87,80.79,79.76,80.53,2462755.0
2014-10-01,80.77,80.84,79.505,79.98,2787464.0
2014-10-02,80.05,80.55,79.36,80.5,2273447.0
2014-10-03,80.73,81.46,80.41,81.21,3001198.0
2014-10-06,81.48,81.67,81.0,81.25,1995137.0
2014-10-07,81.1,81.44,80.66,80.69,2280469.0
2014-10-08,81.0,81.67,80.49,81.5,3698213.0
2014-10-09,81.58,81.755,79.98,80.52,4145567.0
2014-10-10,80.55,80.96,79.25,79.33,2346308.0
2014-10-13,79.37,79.73,78.44,78.47,2057437.0
2014-10-14,79.76,82.03,79.75,80.8,4050905.0
2014-10-15,80.18,80.78,77.88,79.54,5851052.0
2014-10-16,78.76,79.63,78.285,79.25,2425352.0
2014-10-17,79.79,81.13,79.74,80.84,2202726.0
2014-10-20,80.58,82.51,80.45,82.46,1966682.0
2014-10-21,83.11,84.92,82.94,84.52,7060110.0
2014-10-22,84.53,84.9,83.52,83.57,3538154.0
2014-10-23,83.95,84.65,83.39,84.29,4482371.0
2014-10-24,84.31,84.9383,84.09,84.75,1587267.0
2014-10-27,84.82,84.82,83.97,84.41,2052553.0
2014-10-28,84.91,84.97,83.2,83.54,3509761.0
2014-10-29,83.54,84.28,82.44,82.5,3540915.0
2014-10-30,79.21,80.63,78.88,80.51,3887198.0
2014-10-31,81.49,82.39,76.16,78.12,27304794.0
2014-11-03,78.71,79.82,78.28,78.99,5068443.0
2014-11-04,78.95,79.17,77.69,78.16,4830746.0
2014-11-05,79.15,79.41,78.27,79.34,8780717.0
2014-11-06,79.43,80.04,79.35,79.86,4319705.0
2014-11-07,79.8,80.0,79.06,79.8,2793089.0
2014-11-10,79.21,80.01,78.95,79.91,3299342.0
2014-11-11,80.089,80.09,79.4,79.61,2158616.0
2014-11-12,79.21,80.63,78.88,80.51,4824778.0
2014-11-13,80.57,81.2399,80.14,80.21,3152881.0
2014-11-14,80.17,80.45,79.92,80.39,1615621.0
2014-11-17,80.05,80.3,79.86,80.12,1537768.0
2014-11-18,80.19,80.73,79.34,80.52,1640470.0
2014-11-19,80.42,81.0,80.27,80.77,1960987.0
2014-11-20,80.97,81.33,80.6,80.98,3473754.0
2014-11-21,81.76,81.85,81.21,81.7,2810846.0
2014-11-24,81.91,82.36,81.73,82.17,5980926.0
2014-11-25,82.17,82.56,81.77,82.38,2859953.0
2014-11-26,82.56,82.84,82.14,82.51,2255818.0
2014-11-28,82.46,83.58,82.46,83.09,1355033.0
2014-12-01,82.81,83.19,82.15,82.25,3145147.0
2014-12-02,80.71,81.21,79.59,80.06,5064198.0
2014-12-03,80.12,80.41,79.64,79.9,1951128.0
2014-12-04,79.98,80.14,79.73,79.95,1821207.0
2014-12-05,79.93,80.08,79.05,79.27,3137970.0
2014-12-08,79.54,80.06,78.97,79.15,2230187.0
2014-12-09,78.61,79.27,78.21,78.97,2613681.0
2014-12-10,78.21,78.43,77.24,77.46,2967117.0
2014-12-11,77.49,77.56,76.6,76.82,3434070.0
2014-12-12,76.57,76.79,75.8,75.85,4770109.0
2014-12-15,76.14,76.38,75.3,75.72,3566120.0
2014-12-16,75.59,76.8,74.88,75.47,2600861.0
2014-12-17,75.0,75.85,74.45,75.11,4307564.0
2014-12-18,75.62,76.95,75.51,76.53,5420953.0
2014-12-19,76.93,77.5,76.5,77.3,5889540.0
2014-12-22,77.5,78.67,77.26,78.29,3305083.0
2014-12-23,78.69,79.48,78.42,79.18,2431241.0
2014-12-24,79.28,79.64,79.01,79.05,753983.0
2014-12-26,79.11,79.36,78.98,79.05,735858.0
2014-12-29,78.91,79.68,78.74,79.06,1233519.0
2014-12-30,79.14,79.17,78.44,78.92,1369530.0
2014-12-31,79.19,79.4497,78.56,78.7,1548852.0
2015-01-02,78.86,79.93,78.72,79.51,2135754.0
2015-01-05,79.09,79.32,78.75,79.0,2962859.0
2015-01-06,79.26,79.92,78.57,78.85,4014364.0
2015-01-07,79.35,80.67,79.07,80.5,4292615.0
2015-01-08,80.92,82.3225,80.7,81.77,5096563.0
2015-01-09,81.95,82.12,81.45,81.62,1915835.0
2015-01-12,81.92,82.11,81.3,81.52,2512460.0
2015-01-13,82.1,82.22,79.99,81.33,4030682.0
2015-01-14,80.94,81.8,80.48,81.65,4040079.0
2015-01-15,81.86,82.21,81.55,81.63,2610493.0
2015-01-16,81.72,82.75,81.68,82.63,4539157.0
2015-01-20,82.88,83.07,81.7,82.01,3330770.0
2015-01-21,81.65,81.85,81.155,81.36,3801639.0
2015-01-22,83.76,85.46,83.35,85.25,6469175.0
2015-01-23,85.46,87.81,85.46,86.83,5424039.0
2015-01-26,86.94,88.22,86.28,88.05,4765248.0
2015-01-27,87.59,88.35,87.3,87.8,2777056.0
2015-01-28,88.45,88.79,87.13,87.16,3545242.0
2015-01-29,87.15,87.18,85.65,86.76,3046629.0
2015-01-30,86.58,87.57,86.166,86.51,3608490.0
2015-02-02,86.59,86.71,85.02,86.36,4002986.0
2015-02-03,86.29,87.84,85.65,87.24,3468635.0
2015-02-04,86.78,87.5,85.92,86.27,3071917.0
2015-02-05,86.53,87.18,86.21,86.73,4424217.0
2015-02-06,87.22,88.86,86.21,86.66,6463123.0
2015-02-09,86.24,86.95,85.73,86.19,3888638.0
2015-02-10,86.58,87.35,86.32,87.17,5152527.0
2015-02-11,87.32,87.45,86.26,87.18,2239980.0
2015-02-12,87.3,87.735,86.82,87.59,1873103.0
2015-02-13,87.59,88.01,87.03,88.0,2788994.0
2015-02-17,88.45,89.435,87.5668,87.6,4077370.0
2015-02-18,87.88,88.235,87.4,88.2,4116304.0
2015-02-19,87.99,88.3,87.57,87.79,2801056.0
2015-02-20,87.72,89.01,87.66,88.71,3217621.0
2015-02-23,88.92,89.04,87.27,87.9,3377284.0
2015-02-24,87.71,87.91,85.79,86.81,3752802.0
2015-02-25,86.81,87.95,86.44,86.58,3061341.0
2015-02-26,86.54,86.54,85.22,86.09,2773138.0
2015-02-27,86.32,86.46,85.71,86.31,2590734.0
2015-03-02,86.6,87.51,86.15,86.39,3098180.0
2015-03-03,86.15,86.56,85.99,86.3,2192703.0
2015-03-04,86.2,86.26,85.58,85.82,1896935.0
2015-03-05,86.23,86.46,85.91,86.26,1181683.0
2015-03-06,85.7,85.9,84.91,85.04,2772398.0
2015-03-09,85.27,85.7,84.86,85.5,1412606.0
2015-03-10,85.21,85.42,84.56,84.57,1689382.0
2015-03-11,84.47,85.27,84.21,84.92,1688948.0
2015-03-12,85.38,86.0,84.97,85.95,1225799.0
2015-03-13,85.66,85.66,84.38,84.91,1410583.0
2015-03-16,85.17,85.96,84.92,85.8,1448620.0
2015-03-17,85.41,85.77,85.13,85.52,1462296.0
2015-03-18,84.8,86.99,84.47,86.44,3416232.0
2015-03-19,85.85,86.39,85.48,85.85,2232764.0
2015-03-20,86.29,87.31,86.01,86.8,2907497.0
2015-03-23,86.83,86.83,86.25,86.25,1720083.0
2015-03-24,86.26,86.77,85.81,85.84,1865389.0
2015-03-25,85.83,86.11,84.6,84.64,1451057.0
2015-03-26,84.25,85.09,83.91,84.61,2320149.0
2015-03-27,84.61,85.07,83.86,84.81,2903620.0
2015-03-30,84.85,85.14,84.27,84.39,1548128.0
2015-03-31,84.01,84.46,82.54,82.54,3336109.0
2015-04-01,82.88,83.92,82.85,83.72,2067943.0
2015-04-02,83.76,84.3657,83.55,84.15,1164660.0
2015-04-06,83.99,85.06,83.88,84.94,1294609.0
2015-04-07,85.84,86.18,85.42,85.67,1951157.0
2015-04-08,85.6,85.86,84.79,85.37,1952724.0
2015-04-09,85.26,85.43,84.58,85.14,2270922.0
2015-04-10,85.25,85.7,84.45,84.69,1022252.0
2015-04-13,84.66,87.14,84.39,85.0,2511243.0
2015-04-14,84.92,85.58,84.6101,85.39,2251914.0
2015-04-15,85.82,86.1,85.59,85.85,1737137.0
2015-04-16,85.43,86.13,84.79,86.0,1799912.0
2015-04-17,85.6,86.09,84.66,85.84,3756565.0
2015-04-20,86.18,86.528,85.78,86.43,1884363.0
2015-04-21,86.54,86.55,85.5799,85.79,2419179.0
2015-04-22,86.07,86.09,85.27,86.02,2796024.0
2015-04-23,85.6,86.94,85.22,86.64,3877593.0
2015-04-24,87.28,87.46,85.925,85.98,1878421.0
2015-04-27,86.0,86.13,84.76,85.0,1844200.0
2015-04-28,84.81,85.84,84.76,85.69,1986093.0
2015-04-29,85.0,85.46,84.35,84.59,1526000.0
2015-04-30,84.17,84.17,83.23,83.53,2754319.0
2015-05-01,83.59,84.15,83.02,83.17,1789352.0
2015-05-04,83.44,83.52,82.95,83.12,1730147.0
2015-05-05,83.11,83.44,81.5,81.62,2439858.0
2015-05-06,82.0,82.34,81.62,82.06,2193063.0
2015-05-07,82.26,83.025,81.98,82.61,1568671.0
2015-05-08,83.16,83.91,83.15,83.67,1426506.0
2015-05-11,83.2,83.56,82.44,82.7,1645635.0
2015-05-12,82.25,83.12,81.29,82.95,1294121.0
2015-05-13,83.24,83.52,82.01,82.34,1907573.0
2015-05-14,82.9,83.25,82.41,82.78,2691702.0
2015-05-15,82.84,83.83,82.76,83.8,2449314.0
2015-05-18,83.58,83.89,83.36,83.59,1593487.0
2015-05-19,83.39,84.78,83.32,83.98,2741368.0
2015-05-20,83.82,84.04,82.87,82.89,2049070.0
2015-05-21,82.82,83.09,81.96,82.08,3049593.0
2015-05-22,82.08,82.48,81.725,82.06,1604573.0
2015-05-26,82.05,82.18,81.3,81.92,2192528.0
2015-05-27,82.04,82.23,81.59,81.95,2060581.0
2015-05-28,81.68,82.47,81.61,82.27,1641457.0
2015-05-29,82.36,82.45,81.45,81.55,3115992.0
2015-06-01,81.6,82.605,81.57,82.26,1659824.0
2015-06-02,81.93,82.75,81.58,82.35,1458770.0
2015-06-03,82.21,82.5,81.39,81.97,2251606.0
2015-06-04,82.21,85.79,82.02,83.67,4943050.0
2015-06-05,83.29,83.41,82.58,82.78,2092160.0
2015-06-08,82.86,83.15,82.49,82.59,1448026.0
2015-06-09,82.37,82.87,81.86,81.98,1731315.0
2015-06-10,82.24,82.66,81.67,82.26,2226629.0
2015-06-11,82.71,83.5,82.63,82.93,2201903.0
2015-06-12,82.85,83.2,82.54,82.7,1168528.0
2015-06-15,82.51,83.02,82.13,82.64,1802382.0
2015-06-16,82.63,83.2,82.4,82.93,1930008.0
2015-06-17,82.15,82.88,81.8201,82.6,2081092.0
2015-06-18,83.22,83.775,82.94,83.5,4143655.0
2015-06-19,83.49,83.58,82.66,82.79,3288259.0
2015-06-22,82.99,83.49,82.57,82.66,2142051.0
2015-06-23,82.48,82.9,82.05,82.82,1767230.0
2015-06-24,82.67,82.83,82.06,82.21,1544154.0
2015-06-25,82.37,82.5,81.92,81.92,1133103.0
2015-06-26,82.01,82.18,81.33,81.54,1901670.0
2015-06-29,81.43,81.77,80.37,80.46,1567305.0
2015-06-30,81.09,81.155,80.11,80.3,1511045.0
2015-07-01,80.22,81.12,80.22,81.07,1356775.0
2015-07-02,81.26,81.7,80.7,81.11,1082705.0
2015-07-06,80.84,81.27,80.35,80.76,1435292.0
2015-07-07,81.16,81.91,81.0,81.65,1580253.0
2015-07-08,81.26,81.76,80.5,80.52,1108390.0
2015-07-09,81.28,81.46,80.44,80.44,1314638.0
2015-07-10,81.02,81.62,80.64,81.34,1212011.0
2015-07-13,81.85,82.02,80.75,80.89,1552007.0
2015-07-14,80.75,81.8,80.73,81.53,1554375.0
2015-07-15,81.48,81.48,80.67,81.24,1635137.0
2015-07-16,81.78,82.08,81.51,81.69,2030792.0
2015-07-17,81.69,81.69,80.84,81.09,1847030.0
2015-07-20,81.17,82.08,80.87,81.99,1697055.0
2015-07-21,81.52,81.81,80.57,80.79,2051127.0
2015-07-22,80.84,81.34,80.41,80.61,2656728.0
2015-07-23,81.38,84.32,81.38,83.26,4500240.0
2015-07-24,83.0,83.23,82.32,82.43,2819384.0
2015-07-27,82.56,82.93,82.19,82.56,2202663.0
2015-07-28,82.74,83.0,81.96,82.26,1918156.0
2015-07-29,82.31,82.5,81.41,82.12,1682459.0
2015-07-30,81.96,82.01,81.05,81.47,1882202.0
2015-07-31,81.96,82.61,81.454,81.91,1351596.0
2015-08-03,82.08,82.26,81.45,81.88,1295815.0
2015-08-04,81.97,82.71,81.71,82.0,1292350.0
2015-08-05,82.18,82.89,82.01,82.25,1694280.0
2015-08-06,82.43,82.68,81.89,82.04,1777454.0
2015-08-07,81.77,82.49,81.77,82.34,1615131.0
2015-08-10,82.84,83.64,82.56,83.55,1536718.0
2015-08-11,83.26,84.735,83.18,84.18,2002059.0
2015-08-12,83.95,85.0,83.68,84.95,2108071.0
2015-08-13,84.86,85.49,84.65,84.85,1856002.0
2015-08-14,84.67,86.56,84.37,86.07,2348367.0
2015-08-17,85.91,86.5,85.53,86.34,1881207.0
2015-08-18,86.24,86.44,85.16,85.33,1699549.0
2015-08-19,85.11,85.89,84.67,85.43,1192919.0
2015-08-20,85.04,85.55,84.28,84.39,2206108.0
2015-08-21,84.39,84.5,82.62,82.67,3142889.0
2015-08-24,80.7,81.93,78.31,79.93,4834903.0
2015-08-25,81.33,81.89,79.5,79.53,3750568.0
2015-08-26,80.71,81.85,79.75,81.64,3470282.0
2015-08-27,82.25,84.7097,82.07,84.02,2994817.0
2015-08-28,83.8,84.0,83.2,83.75,2036956.0
2015-08-31,83.56,84.21,83.07,83.39,2433722.0
2015-09-01,82.0,82.56,81.01,81.46,2032552.0
2015-09-02,82.26,82.75,81.45,82.27,1585377.0
2015-09-03,82.5,82.8,81.98,82.32,2024011.0
2015-09-04,81.31,81.69,80.7,81.04,1843596.0
2015-09-08,82.26,82.49,81.67,82.37,1498338.0
2015-09-09,83.21,83.36,80.67,80.8,2042418.0
2015-09-10,80.5,80.85,79.04,79.29,3224993.0
2015-09-11,79.11,79.19,77.84,78.63,3486718.0
2015-09-14,78.76,79.18,78.37,78.71,1775105.0
2015-09-15,78.93,78.966,77.75,78.37,4208467.0
2015-09-16,77.55,78.54,77.4,78.35,2188151.0
2015-09-17,78.37,79.05,77.37,77.99,2306242.0
2015-09-18,76.65,78.26,76.65,77.41,2977477.0
2015-09-21,77.77,78.2,77.3772,77.65,1442884.0
2015-09-22,77.02,77.47,76.41,76.58,1594169.0
2015-09-23,76.43,76.98,76.375,76.83,1866121.0
2015-09-24,76.59,76.84,75.78,76.78,2730415.0
2015-09-25,77.46,78.79,76.94,78.75,3188963.0
2015-09-28,78.26,78.75,77.07,77.57,3549648.0
2015-09-29,77.78,78.33,77.25,77.53,1965609.0
2015-09-30,78.11,78.93,77.79,78.87,2381876.0
2015-10-01,78.9,79.67,78.28,79.59,2303877.0
2015-10-02,78.88,79.97,78.39,79.94,2488734.0
2015-10-05,80.44,81.45,80.12,81.42,1985489.0
2015-10-06,81.32,81.5846,80.49,80.75,2345235.0
2015-10-07,80.91,81.33,80.52,81.25,1802589.0
2015-10-08,81.06,81.76,80.61,81.64,2838047.0
2015-10-09,81.56,81.62,80.953,81.19,1743261.0
2015-10-12,81.07,81.61,81.04,81.5,1008465.0
2015-10-13,81.13,81.96,80.98,81.14,1691026.0
2015-10-14,81.18,81.4752,80.33,80.48,1415990.0
2015-10-15,80.82,81.35,80.62,81.32,1480707.0
2015-10-16,81.68,81.75,81.14,81.66,1176976.0
2015-10-19,81.52,82.605,81.11,82.56,1173945.0
2015-10-20,82.57,83.25,82.46,83.17,2620308.0
2015-10-21,83.57,84.26,83.01,83.13,3714715.0
2015-10-22,83.76,86.8,83.5,86.79,5345130.0
2015-10-23,87.25,87.25,84.805,85.32,3954311.0
2015-10-26,85.42,86.5,85.125,86.37,2021993.0
2015-10-27,86.19,86.33,85.375,85.78,1604447.0
2015-10-28,86.13,86.3,84.53,85.99,1516780.0
2015-10-29,85.6,85.92,85.11,85.67,1200487.0
2015-10-30,85.87,85.95,85.19,85.46,1629447.0
2015-11-02,85.57,87.96,85.48,87.75,2014485.0
2015-11-03,87.49,88.0,87.12,87.64,1382162.0
2015-11-04,87.8,88.179,87.14,87.34,1343532.0
2015-11-05,85.76,87.08,85.17,86.54,2107323.0
2015-11-06,86.71,86.71,83.97,84.72,2269916.0
2015-11-09,84.37,84.58,83.54,83.94,1501973.0
2015-11-10,83.83,84.42,83.58,84.33,1345284.0
2015-11-11,84.43,85.08,84.21,84.63,936284.0
2015-11-12,84.2,84.84,83.93,84.15,1000684.0
2015-11-13,84.32,85.3,83.58,83.66,2216451.0
2015-11-16,83.66,84.625,83.24,84.58,1360430.0
2015-11-17,84.41,85.6,84.18,84.85,1293970.0
2015-11-18,85.01,85.94,84.74,85.87,1563541.0
2015-11-19,85.95,86.17,85.33,86.15,1233928.0
2015-11-20,86.42,87.35,86.2,87.05,2358117.0
2015-11-23,87.17,87.78,86.955,87.4,2102580.0
2015-11-24,87.0,87.165,86.22,86.73,1652383.0
2015-11-25,86.68,86.96,86.18,86.35,864757.0
2015-11-27,86.41,86.68,85.86,86.07,741058.0
2015-11-30,86.18,86.27,85.57,85.91,2257645.0
2015-12-01,86.18,87.33,86.11,87.28,1544962.0
2015-12-02,87.07,87.45,85.665,85.83,1432947.0
2015-12-03,85.7,86.28,84.36,84.76,2338275.0
2015-12-04,85.06,85.8,84.68,85.11,2562172.0
2015-12-07,85.08,86.68,84.85,86.44,2911272.0
2015-12-08,86.11,86.7,85.43,85.97,2344058.0
2015-12-09,85.48,86.64,85.31,85.4,2684175.0
2015-12-10,85.32,85.85,85.01,85.42,2168038.0
2015-12-11,84.47,85.163,84.16,84.82,2750088.0
2015-12-14,84.8,85.94,84.5,85.2,3679126.0
2015-12-15,85.78,86.16,85.39,85.8,2492933.0
2015-12-16,85.16,86.23,85.0,85.97,2692180.0
2015-12-17,86.22,86.4199,85.2704,85.66,1964606.0
2015-12-18,85.43,86.13,84.78,84.82,4139784.0
2015-12-21,85.33,86.0,85.03,85.93,2972780.0
2015-12-22,86.27,87.27,86.05,87.04,2588396.0
2015-12-23,87.23,87.56,86.83,87.3,3048422.0
2015-12-24,87.15,87.44,86.83,86.94,675782.0
2015-12-28,86.65,87.26,86.42,87.08,1401192.0
2015-12-29,87.52,88.15,87.28,88.0,1067785.0
2015-12-30,88.03,88.03,86.94,87.02,790960.0
2015-12-31,86.88,87.22,86.42,86.45,1093055.0
2016-01-04,85.64,85.93,84.83,85.39,2487890.0
2016-01-05,85.53,87.175,85.53,87.14,2055172.0
2016-01-06,86.5,87.1733,86.16,86.41,2143114.0
2016-01-07,85.43,85.78,83.66,84.26,2851345.0
2016-01-08,84.78,86.61,82.86,83.08,2603052.0
2016-01-11,83.62,84.22,83.23,83.69,1440824.0
2016-01-12,84.21,84.61,83.55,84.06,1915966.0
2016-01-13,84.47,85.79,82.02,82.78,3300725.0
2016-01-14,83.03,84.67,82.3,83.96,1856975.0
2016-01-15,82.78,83.07,78.41,79.12,6701910.0
2016-01-19,79.92,81.39,79.245,79.5,4571527.0
2016-01-20,79.17,79.5,75.714,78.22,4752389.0
2016-01-21,78.45,80.06,78.03,79.13,2475310.0
2016-01-22,80.39,81.95,79.85,81.62,2183286.0
2016-01-25,81.58,82.18,81.13,81.19,2472218.0
2016-01-26,82.54,84.39,82.2,83.61,2952670.0
2016-01-27,83.38,84.53,82.56,83.19,1922029.0
2016-01-28,83.5,85.97,83.5,84.81,2813008.0
2016-01-29,85.5,86.3,84.97,86.2,3165052.0
2016-02-01,85.62,87.25,85.55,86.82,2411759.0
2016-02-02,86.23,86.85,85.67,86.21,2053412.0
2016-02-03,86.31,86.925,84.42,86.77,2454353.0
2016-02-04,86.5,86.85,85.65,86.22,1776810.0
2016-02-05,85.72,86.13,83.47,84.06,2246221.0
2016-02-08,83.3,83.42,80.05,81.7,3126088.0
2016-02-09,80.75,82.72,80.3,82.2,2383727.0
2016-02-10,82.45,83.21,81.665,81.83,1473301.0
2016-02-11,80.04,82.03,79.9901,81.51,2494658.0
2016-02-12,82.85,83.23,82.14,83.13,2029988.0
2016-02-16,84.18,84.37,83.46,84.0,1551617.0
2016-02-17,84.17,84.99,83.75,84.68,2031610.0
2016-02-18,84.72,86.88,84.42,86.02,2890742.0
2016-02-19,85.6,85.9,84.74,85.46,2136283.0
2016-02-22,86.12,87.5,85.75,86.76,2448291.0
2016-02-23,86.28,86.68,85.84,86.35,2372130.0
2016-02-24,85.91,86.92,85.62,86.3,1913986.0
2016-02-25,86.95,88.26,86.03,86.74,3586870.0
2016-02-26,85.29,86.4,84.57,85.79,2797287.0
2016-02-29,85.83,87.23,85.71,86.5,2169022.0
2016-03-01,87.0,87.76,86.51,87.74,1936525.0
2016-03-02,87.6,88.46,87.26,88.41,1575386.0
2016-03-03,88.45,88.45,87.12,87.89,2354721.0
2016-03-04,87.64,87.9,87.05,87.25,2316525.0
2016-03-07,86.8,87.12,85.86,86.27,1841848.0
2016-03-08,85.91,86.5,85.37,85.48,3315783.0
2016-03-09,85.72,86.0,84.67,85.22,3123808.0
2016-03-10,86.52,86.76,84.5,85.0,2293800.0
2016-03-11,85.74,85.86,84.67,85.78,2977206.0
2016-03-14,85.32,85.64,84.39,85.0,2925077.0
2016-03-15,83.725,84.925,83.445,84.415,2970158.0
2016-03-16,84.33,85.115,84.06,85.01,2984094.0
2016-03-17,85.26,86.8,85.2,85.98,3877795.0
2016-03-18,85.96,86.79,85.89,86.42,3649214.0
2016-03-21,86.14,86.2375,85.525,85.92,2055259.0
2016-03-22,85.87,86.27,85.7,86.0,2088987.0
2016-03-23,86.1,86.21,85.6,85.66,1837214.0
2016-03-24,85.63,85.72,85.0,85.58,2122819.0
2016-03-28,85.7,86.29,85.535,85.69,1544872.0
2016-03-29,85.75,86.74,85.7,86.45,2174736.0
2016-03-30,86.78,87.59,86.7532,86.93,2535518.0
2016-03-31,86.97,87.35,86.48,86.5,3053201.0
2016-04-01,86.13,87.39,85.98,87.11,4645640.0
2016-04-04,87.35,87.5,86.95,87.02,1883440.0
2016-04-05,86.63,86.99,85.98,86.15,1895936.0
2016-04-06,86.03,87.16,85.77,86.99,1691201.0
2016-04-07,86.73,87.04,86.29,86.77,1897478.0
2016-04-08,87.22,88.21,86.82,88.05,1887640.0
2016-04-11,88.31,88.82,87.33,87.51,1717905.0
2016-04-12,87.6,88.03,87.085,87.68,1024549.0
2016-04-13,88.02,88.17,87.6421,87.9,1471433.0
2016-04-14,87.89,87.89,87.0,87.16,1320883.0
2016-04-15,87.13,87.49,86.79,87.28,1275519.0
2016-04-18,87.19,87.74,87.05,87.58,1059894.0
2016-04-19,87.7,88.21,87.39,88.09,1503608.0
2016-04-20,88.05,88.36,87.1,87.6,2248079.0
2016-04-21,87.32,87.405,85.86,85.89,3036020.0
2016-04-22,86.06,87.85,86.0,87.75,2758566.0
2016-04-25,87.64,87.64,86.65,87.18,2181974.0
2016-04-26,87.39,87.96,87.14,87.56,1336836.0
2016-04-27,87.37,87.95,86.91,87.74,1508492.0
2016-04-28,87.07,87.99,86.92,87.14,1423820.0
2016-04-29,86.93,87.3,86.13,86.88,1800199.0
2016-05-02,87.07,87.73,86.97,87.53,1379582.0
2016-05-03,86.92,87.04,85.59,86.29,2212131.0
2016-05-04,85.98,88.2,85.93,87.91,1681784.0
2016-05-05,87.88,88.53,87.845,87.94,1635361.0
2016-05-06,87.86,88.51,87.14,88.34,2171289.0
2016-05-09,88.54,89.6875,88.25,89.47,2472860.0
2016-05-10,90.0,91.0,89.35,90.58,3191388.0
2016-05-11,90.4,91.18,90.01,90.12,2525677.0
2016-05-12,90.44,90.69,90.01,90.46,1555826.0
2016-05-13,90.24,90.67,89.69,89.85,2381745.0
2016-05-16,89.79,90.62,89.6,90.35,1420375.0
2016-05-17,90.19,90.59,89.61,90.12,3032000.0
2016-05-18,90.06,91.1,89.4,90.49,3797047.0
2016-05-19,89.62,89.93,89.13,89.53,1883154.0
2016-05-20,89.84,90.07,89.32,89.92,1611653.0
2016-05-23,90.14,90.66,89.69,90.36,2092208.0
2016-05-24,90.63,91.33,90.53,91.29,1721370.0
2016-05-25,91.49,91.97,90.87,91.08,1561587.0
2016-05-26,91.41,91.41,90.57,90.81,1069083.0
2016-05-27,90.91,91.25,90.725,90.8,1220567.0
2016-05-31,90.83,90.975,90.09,90.81,2031855.0
2016-06-01,90.45,91.17,90.33,90.8,1977334.0
2016-06-02,90.66,91.8,90.52,91.8,1212745.0
2016-06-03,91.44,92.89,91.44,92.76,2055274.0
2016-06-06,92.8,93.41,92.64,93.04,1990858.0
2016-06-07,93.06,94.5,93.01,94.02,2047879.0
2016-06-08,94.09,94.75,93.73,93.99,1431153.0
2016-06-09,93.91,94.6,93.52,94.42,1695183.0
2016-06-10,94.11,94.45,93.63,94.13,1847024.0
2016-06-13,94.11,94.73,94.0365,94.5,2153533.0
2016-06-14,94.29,94.64,93.48,93.66,2866586.0
2016-06-15,92.9,94.15,92.68,93.96,2273432.0
2016-06-16,93.71,94.7,93.6,94.65,2083611.0
2016-06-17,94.36,94.59,93.82,94.41,2495262.0
2016-06-20,95.01,95.4199,94.29,94.41,1470653.0
2016-06-21,94.6,95.52,94.6,95.37,1682270.0
2016-06-22,95.47,95.64,95.01,95.24,2052621.0
2016-06-23,95.86,96.41,95.53,96.08,2080341.0
2016-06-24,94.25,97.335,93.9486,96.44,9755646.0
2016-06-27,96.17,97.19,95.8,97.18,4232299.0
2016-06-28,97.87,99.0,97.1,99.0,3221686.0
2016-06-29,99.41,100.56,99.13,100.33,3860104.0
2016-06-30,100.27,101.44,99.9,101.43,2818337.0
2016-07-01,101.55,102.18,100.43,101.18,2727390.0
2016-07-05,101.13,102.64,101.0,102.56,2131563.0
2016-07-06,102.38,102.82,101.23,101.92,2439552.0
2016-07-07,101.8,102.12,101.1475,101.51,1909978.0
2016-07-08,102.22,102.39,101.15,102.2,2450683.0
2016-07-11,101.69,101.81,99.85,100.54,3075756.0
2016-07-12,100.27,100.54,99.03,100.15,4042242.0
2016-07-13,100.27,100.71,99.19,99.8,2437643.0
2016-07-14,100.2,100.2,99.0,99.47,1552155.0
2016-07-15,99.73,100.4,99.51,100.11,1654912.0
2016-07-18,99.94,100.33,99.34,99.39,1289317.0
2016-07-19,98.57,99.66,97.25,99.66,1797500.0
2016-07-20,99.68,99.78,98.4,98.49,1972328.0
2016-07-21,97.65,98.56,97.51,98.27,2501376.0
2016-07-22,98.19,99.55,98.0,98.87,2461020.0
2016-07-25,98.85,98.87,96.86,97.32,2227871.0
2016-07-26,97.34,97.58,96.23,96.74,1907214.0
2016-07-27,96.63,96.71,95.86,96.07,1759133.0
2016-07-28,96.16,96.76,95.85,96.57,2109496.0
2016-07-29,96.65,97.5,96.595,97.03,1920843.0
2016-08-01,96.91,97.75,96.83,97.74,1802285.0
2016-08-02,97.47,97.71,96.72,96.86,1509402.0
2016-08-03,96.75,96.96,95.84,96.11,1664989.0
2016-08-04,96.18,97.01,96.0,96.87,1365075.0
2016-08-05,97.13,97.16,95.98,96.22,1396632.0
2016-08-08,96.23,96.6,95.75,95.9,912343.0
2016-08-09,96.01,96.23,95.52,95.82,1739674.0
2016-08-10,95.8,96.36,95.8,96.17,1292865.0
2016-08-11,96.26,96.55,95.78,96.27,1050257.0
2016-08-12,96.33,96.9896,96.18,96.52,1118187.0
2016-08-15,96.6,97.0,96.19,96.21,1262138.0
2016-08-16,95.84,95.94,94.46,94.8,1583475.0
2016-08-17,95.03,95.08,94.14,94.58,1707746.0
2016-08-18,94.56,94.85,93.91,94.3,1307863.0
2016-08-19,94.15,94.15,92.695,93.37,1967926.0
2016-08-22,93.5,93.92,92.98,93.71,1651929.0
2016-08-23,93.88,94.29,93.65,93.71,1215316.0
2016-08-24,93.83,95.03,93.83,94.77,2261868.0
2016-08-25,94.88,95.39,94.32,94.49,1855350.0
2016-08-26,94.61,94.93,92.97,93.26,2113652.0
2016-08-29,93.56,94.0,93.52,93.73,1510514.0
2016-08-30,93.85,94.32,93.26,94.19,1542658.0
2016-08-31,94.01,95.0,93.96,94.77,2347382.0
2016-09-01,94.7,94.91,94.35,94.75,1623553.0
2016-09-02,95.25,96.1624,95.23,96.06,2186387.0
2016-09-06,97.0,98.06,96.75,98.03,3204813.0
2016-09-07,97.75,99.0,97.6,98.85,6552085.0
2016-09-08,98.6,98.74,97.62,97.66,3438088.0
2016-09-09,97.06,97.06,93.29,93.31,5777777.0
2016-09-12,93.02,94.21,92.54,93.93,2685323.0
2016-09-13,94.12,94.26,90.97,91.87,4138062.0
2016-09-14,91.49,91.93,91.01,91.39,2293616.0
2016-09-15,91.38,92.1,91.05,91.46,2762475.0
2016-09-16,91.13,91.27,89.82,90.37,3927171.0
2016-09-19,90.51,92.05,90.37,91.8,2511319.0
2016-09-20,92.37,92.47,91.56,91.57,2263346.0
2016-09-21,91.53,93.5,91.08,93.44,2882289.0
2016-09-22,93.98,95.3,93.85,94.83,3964659.0
2016-09-23,94.2,95.595,93.97,95.18,2603339.0
2016-09-26,94.85,95.84,94.65,95.61,2611896.0
2016-09-27,95.99,96.1,94.97,94.98,1910815.0
2016-09-28,95.09,95.36,94.36,94.37,2649750.0
2016-09-29,94.42,94.5,93.2,94.01,2473874.0
2016-09-30,94.46,94.87,93.73,94.21,2689146.0
2016-10-03,93.78,94.13,93.04,93.42,2308146.0
2016-10-04,93.59,93.59,90.545,90.86,3191356.0
2016-10-05,91.23,91.51,88.4,89.06,3829011.0
2016-10-06,88.9,89.79,88.22,88.84,2303082.0
2016-10-07,89.14,89.98,87.96,88.3,1617969.0
2016-10-10,88.31,88.995,88.1,88.7,1029223.0
2016-10-11,88.61,89.38,88.43,89.0,2321178.0
2016-10-12,88.83,91.82,88.83,91.45,3352086.0
2016-10-13,91.35,92.1,91.16,91.82,1888927.0
2016-10-14,91.94,92.98,91.82,92.03,2141435.0
2016-10-17,92.28,92.79,91.83,91.99,1347277.0
2016-10-18,92.49,92.8,91.6,91.82,2325199.0
2016-10-19,92.15,92.36,90.64,91.71,2302999.0
2016-10-20,91.72,91.81,90.8,91.54,2425503.0
2016-10-21,90.59,95.09,90.57,94.92,4441601.0
2016-10-24,95.54,95.84,94.2,95.14,3932867.0
2016-10-25,94.93,95.37,93.6,93.94,3137062.0
2016-10-26,93.42,94.27,92.11,92.53,2419314.0
2016-10-27,92.7,92.7,90.71,90.78,1803868.0
2016-10-28,90.97,91.71,90.83,91.22,1588505.0
2016-10-31,91.7,91.93,90.6,90.99,2558613.0
2016-11-01,91.33,91.59,89.5,89.94,2968948.0
2016-11-02,87.94,88.55,87.51,87.9,6492668.0
2016-11-03,88.14,88.38,87.53,87.67,1992219.0
2016-11-04,88.02,88.185,87.46,87.81,2655392.0
2016-11-07,89.09,89.53,88.35,89.04,5054068.0
2016-11-08,89.23,89.93,89.23,89.8,3664041.0
2016-11-09,88.5,88.74,85.27,85.73,5479382.0
2016-11-10,85.47,85.47,82.08,82.9,6970648.0
2016-11-11,83.03,84.0,81.69,82.25,9705530.0
2016-11-14,82.63,82.66,79.38,81.99,6627941.0
2016-11-15,82.17,83.1,81.9,82.79,4978859.0
2016-11-16,82.9,85.26,82.9,85.09,4909867.0
2016-11-17,85.01,85.83,84.51,85.11,3437115.0
2016-11-18,85.1,85.83,84.73,85.0,2357483.0
2016-11-21,85.21,85.41,84.1,84.55,2532639.0
2016-11-22,85.1,85.89,84.38,85.42,2218677.0
2016-11-23,84.91,85.27,83.76,84.16,2116198.0
2016-11-25,84.23,85.09,84.12,84.77,860687.0
2016-11-28,84.7,85.33,83.82,84.35,3068301.0
2016-11-29,84.45,85.54,83.905,85.23,2427529.0
2016-11-30,85.01,85.07,83.45,83.46,3883508.0
2016-12-01,83.19,83.33,80.82,81.53,3122691.0
2016-12-02,82.1,83.13,81.33,81.88,2660452.0
2016-12-05,81.78,83.28,81.47,83.26,2153533.0
2016-12-06,84.05,84.66,83.26,83.44,3265090.0
2016-12-07,83.72,84.85,83.39,84.74,2669327.0
2016-12-08,84.95,85.37,84.42,85.0,2137439.0
2016-12-09,85.16,85.65,84.806,85.57,1871292.0
2016-12-12,85.51,87.4,85.04,86.85,2789340.0
2016-12-13,87.23,88.1,87.04,87.96,2669936.0
2016-12-14,87.1,87.45,86.05,86.21,3017986.0
2016-12-15,86.1,86.605,85.33,85.89,2248017.0
2016-12-16,86.39,86.5,85.32,85.7,5407323.0
2016-12-19,85.94,87.46,85.71,87.26,1422179.0
2016-12-20,87.26,87.76,87.0,87.57,1245117.0
2016-12-21,87.61,88.25,87.11,87.13,1528108.0
2016-12-22,87.02,87.5,86.29,87.13,1272257.0
2016-12-23,87.4,87.8108,86.97,87.24,562519.0
2016-12-27,87.44,87.96,87.2,87.53,790309.0
2016-12-28,87.69,87.875,86.68,86.77,1115575.0
2016-12-29,86.99,87.29,86.54,87.01,1681355.0
2016-12-30,87.13,87.139,86.4,86.77,1633082.0
2017-01-03,87.25,87.62,86.5,86.8,2472076.0
2017-01-04,87.07,87.51,87.029,87.32,1939480.0
2017-01-05,87.24,87.51,86.78,87.24,2400327.0
2017-01-06,87.24,87.33,85.45,85.5,2568834.0
2017-01-09,85.61,86.0,84.59,85.73,2141555.0
2017-01-10,85.53,85.69,83.96,84.36,2220656.0
2017-01-11,84.45,85.61,84.22,85.2,1645233.0
2017-01-12,85.11,85.429,84.63,85.18,1379707.0
2017-01-13,85.2,85.98,85.16,85.68,1270463.0
2017-01-17,85.63,87.5,85.59,87.36,1816740.0
2017-01-18,87.39,88.27,87.06,87.2,1318809.0
2017-01-19,87.06,87.25,85.669,85.8,1782009.0
2017-01-20,86.11,86.89,86.09,86.82,1842928.0
2017-01-23,86.9,87.36,86.8301,87.06,1424919.0
2017-01-24,87.13,87.69,86.8,87.66,1885350.0
2017-01-25,88.03,88.14,86.8,87.18,1797360.0
2017-01-26,88.06,90.14,87.79,88.01,2120112.0
2017-01-27,88.16,88.54,86.68,86.85,1497628.0
2017-01-30,86.94,87.09,86.22,86.76,1390126.0
2017-01-31,87.35,87.86,86.84,87.83,3073156.0
2017-02-01,88.28,88.79,86.63,86.65,2286486.0
2017-02-02,86.71,87.88,86.5,87.77,1777499.0
2017-02-03,88.34,89.13,88.12,88.74,2090737.0
2017-02-06,88.72,88.72,86.94,87.04,1711665.0
2017-02-07,87.29,87.545,86.72,87.42,1093616.0
2017-02-08,87.5,88.27,87.37,87.66,1116509.0
2017-02-09,87.73,88.0,87.36,87.78,1052566.0
2017-02-10,87.53,87.71,86.93,87.56,1229103.0
2017-02-13,87.94,90.23,87.92,90.22,2225252.0
2017-02-14,90.03,90.34,89.17,90.25,2041517.0
2017-02-15,89.62,90.17,89.04,90.04,1717781.0
2017-02-16,90.1,90.97,90.1,90.5,1559224.0
2017-02-17,90.55,91.35,88.54,89.23,3408985.0
2017-02-21,89.21,90.11,88.83,90.0,2552571.0
2017-02-22,90.35,90.65,89.78,90.58,1865059.0
2017-02-23,90.9,92.11,90.64,91.26,2489998.0
2017-02-24,91.0,92.66,90.54,92.59,2147779.0
2017-02-27,92.66,93.11,91.88,92.57,1558322.0
2017-02-28,92.51,93.7,92.22,93.53,2294025.0
2017-03-01,93.43,93.43,91.91,93.01,1942714.0
2017-03-02,93.15,93.6524,92.56,92.69,1416349.0
2017-03-03,92.45,92.77,90.85,91.75,2546492.0
2017-03-06,91.59,92.19,91.29,91.96,2135343.0
2017-03-07,91.9,92.7686,91.24,91.5,1408466.0
2017-03-08,92.23,92.385,90.6,90.61,2164531.0
2017-03-09,90.73,90.88,90.02,90.51,2210670.0
2017-03-10,91.05,91.39,89.88,90.28,2127092.0
2017-03-13,90.41,90.785,90.065,90.6,2523015.0
2017-03-14,90.34,90.57,89.64,89.65,1838538.0
2017-03-15,88.86,90.3306,88.7139,89.92,2882962.0
2017-03-16,89.92,90.2,89.04,89.62,2528811.0
2017-03-17,89.6,90.32,89.53,89.8,2597675.0
2017-03-20,89.8,91.07,89.78,90.89,2404398.0
2017-03-21,91.18,92.06,90.62,90.7,3294076.0
2017-03-22,90.97,91.81,90.44,91.72,3937308.0
2017-03-23,91.66,93.27,91.44,93.0,2405388.0
2017-03-24,93.09,93.95,92.785,93.68,2232259.0
2017-03-27,93.48,94.06,93.3,93.96,2740499.0
2017-03-28,93.99,94.77,93.92,94.58,3497651.0
2017-03-29,94.63,95.45,94.4,94.54,1883938.0
2017-03-30,94.54,95.0,94.09,94.62,1384773.0
2017-03-31,94.25,94.75,93.92,94.45,2118026.0
2017-04-03,94.44,95.47,93.78,94.23,2128436.0
2017-04-04,94.22,94.28,93.69,93.83,1900634.0
2017-04-05,94.01,94.499,93.64,93.69,1609716.0
2017-04-06,93.6,94.49,93.38,94.38,1982385.0
2017-04-07,94.42,94.87,93.93,94.5,1324626.0
2017-04-10,94.54,95.03,94.51,94.98,1231749.0
2017-04-11,95.15,96.1,95.12,95.82,1860673.0
2017-04-12,95.5,96.48,95.36,96.45,1857595.0
2017-04-13,96.4,96.49,95.88,96.0,2056962.0
2017-04-17,96.43,96.75,95.9,96.3,2387556.0
2017-04-18,96.21,97.07,95.935,96.79,2008324.0
2017-04-19,96.87,97.3,96.275,96.52,1976126.0
2017-04-20,96.58,96.58,95.68,96.04,4264105.0
2017-04-21,95.83,96.21,95.14,95.53,2207034.0
2017-04-24,95.95,96.16,94.22,94.71,3261355.0
2017-04-25,96.73,97.0,93.51,94.27,2617752.0
2017-04-26,94.2,94.7,93.75,94.5,4958670.0
2017-04-27,94.85,95.59,94.69,95.02,2516546.0
2017-04-28,94.87,95.01,94.09,94.6,1736053.0
2017-05-01,94.88,95.21,94.14,94.69,2033755.0
2017-05-02,94.76,94.93,94.06,94.35,1960517.0
2017-05-03,94.64,94.78,93.87,94.07,1502221.0
2017-05-04,93.78,95.0,93.22,94.78,1518405.0
2017-05-05,94.87,96.03,94.7034,95.92,1449644.0
2017-05-08,96.06,96.06,94.89,95.36,1618704.0
2017-05-09,95.37,95.48,94.63,94.95,1260236.0
2017-05-10,94.87,95.08,94.13,94.71,1446586.0
2017-05-11,94.53,94.85,94.14,94.42,1037366.0
2017-05-12,94.07,94.36,93.8,94.06,1370740.0
2017-05-15,94.15,95.82,93.9101,95.73,1930579.0
2017-05-16,95.95,96.53,95.62,95.93,1577244.0
2017-05-17,96.42,98.981,96.185,98.12,4155986.0
2017-05-18,98.1,98.82,96.78,98.65,2252592.0
2017-05-19,98.83,99.53,98.06,99.44,2194181.0
2017-05-22,99.44,99.935,98.84,99.91,1887190.0
2017-05-23,100.01,101.22,99.85,100.78,2043259.0
2017-05-24,100.98,102.13,100.71,101.17,1882008.0
2017-05-25,100.69,103.19,100.69,102.78,1569260.0
2017-05-26,102.87,102.87,101.95,102.81,1821288.0
2017-05-30,102.75,103.93,102.6192,103.52,3048647.0
2017-05-31,103.71,104.34,101.54,101.65,4937623.0
2017-06-01,102.01,103.58,101.67,103.45,1944924.0
2017-06-02,103.97,104.68,103.53,104.59,1847212.0
2017-06-05,104.32,104.64,103.4,103.46,1303522.0
2017-06-06,103.52,104.01,103.03,103.16,1216109.0
2017-06-07,103.36,103.81,102.6,103.21,924515.0
2017-06-08,103.39,103.56,100.36,101.18,2377926.0
2017-06-09,101.03,102.82,100.9,102.06,1481914.0
2017-06-12,100.46,102.47,99.59,102.21,3018921.0
2017-06-13,102.18,102.95,101.57,102.13,1928218.0
2017-06-14,101.98,102.99,101.62,101.91,2472553.0
2017-06-15,101.56,102.26,101.15,101.3,1641999.0
2017-06-16,101.14,101.95,100.77,101.18,3066355.0
2017-06-19,101.36,101.47,100.81,101.09,1792474.0
2017-06-20,101.28,101.51,99.95,100.62,1636014.0
2017-06-21,99.76,100.1,98.84,99.5,2808969.0
2017-06-22,99.71,100.4,99.44,99.74,2061726.0
2017-06-23,99.82,100.2,99.48,99.84,2341925.0
2017-06-26,100.1,100.1,99.34,99.75,1961719.0
2017-06-27,101.67,103.98,101.67,101.91,5516563.0
2017-06-28,102.08,102.23,100.76,101.18,2304652.0
2017-06-29,101.24,101.24,99.11,100.03,2739741.0
2017-06-30,99.97,100.64,99.72,100.18,1374024.0
2017-07-03,100.53,101.06,98.82,99.31,859360.0
2017-07-05,99.0,99.39,98.36,99.01,2073060.0
2017-07-06,98.79,98.93,97.67,98.37,1270969.0
2017-07-07,98.57,99.6,98.57,99.47,1256312.0
2017-07-10,99.65,99.74,98.9,99.17,865565.0
2017-07-11,99.24,99.3,98.07,98.29,1221925.0
2017-07-12,98.84,100.53,98.78,100.05,1112845.0
2017-07-13,100.11,100.56,99.64,100.31,664773.0
2017-07-14,100.5,101.61,100.48,101.1,1967256.0
2017-07-17,100.87,100.87,96.81,96.81,3630602.0
2017-07-18,96.32,97.48,95.64,96.64,2938462.0
2017-07-19,94.98,98.78,93.14,98.66,6683467.0
2017-07-20,98.7,99.23,96.07,97.27,6174894.0
2017-07-21,96.39,99.75,96.11,99.17,23572440.0
2017-07-24,99.36,99.8,98.04,99.14,6329080.0
2017-07-25,99.28,99.54,98.51,99.5,5480656.0
2017-07-26,99.58,99.81,98.88,99.56,5986445.0
2017-07-27,99.77,100.2,99.01,100.19,4504373.0
2017-07-28,100.17,101.07,99.48,100.58,4785806.0
2017-07-31,100.63,101.24,99.0,100.58,5149521.0
2017-08-01,100.55,102.06,100.55,102.02,2740536.0
2017-08-02,100.88,101.83,100.17,101.81,2916101.0
2017-08-03,101.97,101.98,100.61,100.92,2272776.0
2017-08-04,100.55,102.06,100.55,102.02,2371636.0
2017-08-07,101.63,101.98,100.75,101.15,2403435.0
2017-08-08,100.9,101.49,99.7,100.03,2160487.0
2017-08-09,100.07,100.78,99.385,100.77,2538356.0
2017-08-10,100.37,101.02,100.34,100.71,1950925.0
2017-08-11,101.07,101.22,100.53,100.85,1985286.0
2017-08-14,101.25,102.46,100.63,102.37,1721776.0
2017-08-15,102.1,103.08,101.79,103.06,2099694.0
2017-08-16,102.84,105.05,102.84,103.79,2717987.0
2017-08-17,103.84,104.89,103.76,104.14,2579875.0
2017-08-18,104.31,104.62,103.97,104.12,3487702.0
2017-08-21,104.36,104.98,104.19,104.83,1665992.0
2017-08-22,105.04,106.45,105.01,105.74,2420923.0
2017-08-23,105.09,106.6,105.09,106.1,2209746.0
2017-08-24,106.25,107.18,105.96,106.74,1984370.0
2017-08-25,107.1,107.89,106.735,106.99,2125794.0
2017-08-28,107.09,107.31,106.75,107.05,3108895.0
2017-08-29,107.0,107.28,106.68,107.02,1821407.0
2017-08-30,106.79,107.36,106.63,107.27,1967241.0
2017-08-31,107.63,108.88,107.32,108.44,2250087.0
2017-09-01,108.47,108.61,106.68,107.01,2590671.0
2017-09-05,107.19,107.94,106.99,107.03,2004474.0
2017-09-06,107.32,107.54,105.49,106.01,2456144.0
2017-09-07,106.16,107.19,106.011,106.99,1815904.0
2017-09-08,106.97,107.17,105.91,106.49,2056233.0
2017-09-11,106.84,107.35,106.52,106.93,1837463.0
2017-09-12,106.94,107.01,105.2201,106.21,1692851.0
2017-09-13,106.08,106.14,104.43,104.95,2079771.0
2017-09-14,104.02,104.98,103.14,104.81,1769419.0
2017-09-15,104.99,105.57,104.535,105.48,2981273.0
2017-09-18,105.38,106.18,104.38,104.49,1557675.0
2017-09-19,104.58,105.25,100.43,102.16,4932749.0
2017-09-20,102.25,102.83,100.81,101.84,2060065.0
2017-09-21,101.71,102.29,101.48,101.6,1616433.0
2017-09-22,101.05,101.45,100.05,100.6,2714619.0
2017-09-25,100.48,101.28,99.57,100.13,1716118.0
2017-09-26,100.29,100.67,99.16,99.57,2275283.0
2017-09-27,99.56,100.58,99.21,99.99,2565141.0
2017-09-28,99.78,100.6,99.47,100.54,1544614.0
2017-09-29,100.02,100.6644,99.45,99.98,2173367.0
2017-10-02,100.31,100.98,99.41,99.69,1500825.0
2017-10-03,99.61,100.0,99.33,99.65,1385946.0
2017-10-04,99.95,102.12,99.6,101.89,2043780.0
2017-10-05,101.95,102.21,101.34,101.57,2612432.0
2017-10-06,101.46,101.61,100.09,101.52,1565377.0
2017-10-09,101.36,102.77,101.08,102.12,1595430.0
2017-10-10,102.13,102.71,101.15,101.59,2520087.0
2017-10-11,101.61,102.75,101.4,102.21,2452449.0
2017-10-12,102.25,103.48,101.63,103.1,2172530.0
2017-10-13,103.52,104.0,102.44,102.5,2072063.0
2017-10-16,101.17,102.33,101.03,101.85,2285850.0
2017-10-17,101.95,102.2,100.87,101.38,2043093.0
2017-10-18,100.99,101.48,99.54,100.96,2982968.0
2017-10-19,102.18,104.45,101.55,103.22,3820210.0
2017-10-20,103.52,105.37,103.25,104.99,3277709.0
2017-10-23,104.99,105.13,103.25,103.95,1893873.0
2017-10-24,104.06,104.65,103.5,104.06,1734528.0
2017-10-25,103.53,104.36,103.0,104.18,1461292.0
2017-10-26,105.0,105.18,103.16,103.18,2067033.0
2017-10-27,103.25,104.0,102.91,103.19,1650586.0
2017-10-30,103.34,110.655,103.2,106.11,5452952.0
2017-10-31,105.95,107.54,105.29,107.08,2442755.0
2017-11-01,107.68,107.74,104.78,105.14,2464125.0
2017-11-02,105.26,107.11,105.07,106.37,1444379.0
2017-11-03,105.84,107.27,105.27,106.51,1613545.0
2017-11-06,110.9,114.84,109.44,111.81,6481685.0
2017-11-07,111.81,112.46,110.44,111.76,2599817.0
2017-11-08,111.63,114.97,111.63,114.03,2104248.0
2017-11-09,113.7,114.56,112.77,113.5,1408260.0
2017-11-10,112.86,113.75,111.91,113.28,1285996.0
2017-11-13,113.38,113.88,111.78,112.9,2060077.0
2017-11-14,112.8,113.58,112.08,113.16,1518033.0
2017-11-15,113.49,113.59,111.96,112.55,1542933.0
2017-11-16,112.62,113.43,110.79,111.12,2885535.0
2017-11-17,110.52,111.45,109.79,110.02,2639248.0
2017-11-20,110.22,111.1,110.02,110.48,1319113.0
2017-11-21,110.68,112.31,110.63,112.11,2267467.0
2017-11-22,111.72,112.28,110.89,111.84,991859.0
2017-11-24,111.91,113.28,111.85,112.72,535547.0
2017-11-27,113.48,114.53,113.1261,113.29,1095068.0
2017-11-28,114.0,114.0,112.6,113.52,2704513.0
2017-11-29,113.54,113.64,111.19,112.86,1364955.0
2017-11-30,113.08,113.35,111.96,113.0,1695815.0
2017-12-01,113.45,113.45,112.0,112.55,1775071.0
2017-12-04,112.45,113.485,109.565,109.63,1874260.0
2017-12-05,109.37,110.44,108.78,108.81,2082620.0
2017-12-06,109.11,109.5,108.0001,109.18,2812670.0
2017-12-07,109.48,110.17,108.02,109.71,1539828.0
2017-12-08,109.85,110.34,108.71,109.5,1660317.0
2017-12-11,109.57,111.14,108.91,110.91,2864389.0
2017-12-12,111.06,111.8,110.65,110.89,1194858.0
2017-12-13,111.19,112.46,110.91,111.37,1826027.0
2017-12-14,110.66,111.25,110.24,110.61,2393184.0
2017-12-15,111.01,111.6885,110.1107,110.65,3086868.0
2017-12-18,110.26,110.975,109.03,109.63,1643051.0
2017-12-19,109.67,110.07,108.3501,108.55,1136819.0
2017-12-20,108.43,108.56,107.33,107.89,1367143.0
2017-12-21,108.42,108.9,108.01,108.18,1406967.0
2017-12-22,107.98,108.72,107.56,108.55,1002118.0
2017-12-26,108.55,109.43,108.22,108.97,719868.0
2017-12-27,109.12,109.68,108.82,109.43,1019189.0
2017-12-28,109.64,110.21,109.01,109.82,1551213.0
2017-12-29,110.0,111.425,109.61,111.01,1259484.0
2018-01-02,110.53,110.96,108.47,108.93,1906737.0
2018-01-03,108.75,109.5,108.08,108.47,2078851.0
2018-01-04,108.29,108.76,107.1,107.21,2239363.0
2018-01-05,107.43,108.41,107.26,108.03,1768453.0
2018-01-08,108.01,108.73,107.72,108.35,1523872.0
2018-01-09,108.3,108.67,107.63,107.68,1031856.0
2018-01-10,105.95,106.53,103.34,104.92,4849431.0
2018-01-11,104.95,105.19,102.6,103.69,4373323.0
2018-01-12,104.05,104.07,103.07,103.57,2430401.0
2018-01-16,103.98,106.77,103.98,105.32,2838397.0
2018-01-17,105.4,106.99,105.05,106.03,2616486.0
2018-01-18,105.71,106.32,105.21,106.11,2011879.0
2018-01-19,106.25,107.65,105.67,107.35,2867606.0
2018-01-22,107.5,108.37,106.89,108.3,2811258.0
2018-01-23,108.92,110.44,108.4762,110.33,2972299.0
2018-01-24,110.48,110.91,109.35,109.59,2391636.0
2018-01-25,109.38,110.22,107.16,108.61,4369713.0
2018-01-26,110.35,110.87,108.75,110.63,3280621.0
2018-01-29,110.52,111.15,108.84,109.83,3177265.0
2018-01-30,109.02,110.41,108.66,110.03,2938161.0
2018-01-31,110.09,113.3899,110.07,112.77,2793078.0
2018-02-01,112.91,114.47,112.33,113.07,3168294.0
2018-02-02,112.66,113.19,111.25,112.1,1802054.0
2018-02-05,111.55,112.92,109.89,110.51,2841872.0
2018-02-06,109.06,110.29,106.93,108.55,4233183.0
2018-02-07,108.3,109.91,107.82,108.75,2970920.0
2018-02-08,108.5,109.17,103.79,103.81,4295438.0
2018-02-09,104.15,104.75,100.76,103.86,3664093.0
2018-02-12,104.5,105.66,103.83,105.11,3296677.0
2018-02-13,105.13,106.75,104.72,106.36,1867265.0
2018-02-14,106.07,106.26,104.01,105.36,2909155.0
2018-02-15,105.63,107.99,104.62,107.64,2654615.0
2018-02-16,107.53,110.09,107.53,109.12,2751605.0
2018-02-20,108.77,109.72,108.52,108.57,2474808.0
2018-02-21,108.76,109.26,106.74,106.79,2441834.0
2018-02-22,107.39,109.51,106.9,108.46,2292683.0
2018-02-23,108.79,110.44,108.445,110.44,1707771.0
2018-02-26,110.57,111.56,109.85,111.54,1666855.0
2018-02-27,111.41,111.78,108.6,110.36,3275423.0
2018-02-28,110.51,112.13,109.93,110.06,3350626.0
2018-03-01,108.1,108.5,105.42,106.07,6252305.0
2018-03-02,105.25,105.69,103.65,104.56,3842742.0
2018-03-05,104.02,107.99,104.02,107.72,2935853.0
2018-03-06,107.61,108.93,107.34,107.73,2326663.0
2018-03-07,106.93,108.1,106.93,107.6,2197670.0
2018-03-08,108.58,110.6097,107.9,110.24,4051924.0
2018-03-09,110.65,110.99,110.11,110.99,3950238.0
2018-03-12,110.77,112.04,110.77,111.39,3419108.0
2018-03-13,111.3,112.16,111.12,111.66,3020047.0
2018-03-14,111.81,112.34,111.43,112.08,2412720.0
2018-03-15,111.09,111.66,109.47,109.61,2913807.0
2018-03-16,109.25,109.9715,107.99,109.08,5213670.0
2018-03-19,108.98,109.06,107.4,108.19,2520265.0
2018-03-20,108.35,110.03,108.32,108.87,3488405.0
2018-03-21,109.22,109.51,107.29,107.59,1819174.0
2018-03-22,107.28,110.195,107.14,108.95,3445775.0
2018-03-23,109.72,110.89,109.47,109.66,4831364.0
2018-03-26,110.53,111.53,110.08,111.33,2527847.0
2018-03-27,111.43,112.25,110.24,110.67,2241895.0
2018-03-28,110.83,112.32,110.72,110.88,2014051.0
2018-03-29,110.97,111.47,108.98,109.61,3418254.0
2018-04-02,109.59,110.44,108.07,108.8,2733826.0
2018-04-03,109.05,109.19,106.475,107.39,3879800.0
2018-04-04,106.94,109.12,106.94,108.91,3047356.0
2018-04-05,109.0,110.33,108.52,109.8,2773858.0
2018-04-06,109.85,110.32,107.88,108.01,2273304.0
2018-04-09,108.17,110.035,107.92,108.86,2418212.0
2018-04-10,109.48,109.83,101.69,103.64,5920034.0
2018-04-11,102.87,106.35,102.57,104.86,2665853.0
2018-04-12,105.2,105.29,103.12,103.86,2088470.0
2018-04-13,104.36,105.01,103.13,103.76,1393207.0
2018-04-16,104.3,105.06,103.71,104.33,1738866.0
2018-04-17,104.92,107.06,104.32,106.14,3159859.0
2018-04-18,105.99,107.52,105.45,106.59,2084529.0
2018-04-19,105.1,105.565,101.52,102.64,4308821.0
2018-04-20,102.87,104.85,102.45,102.62,3004549.0
2018-04-23,103.28,105.03,102.97,104.95,3117396.0
2018-04-24,105.4,106.41,104.79,105.35,3866615.0
2018-04-25,104.98,105.37,104.64,105.2,1962249.0
2018-04-26,105.22,105.885,104.75,105.1,3342301.0
2018-04-27,102.92,103.12,100.5,101.31,4451614.0
2018-04-30,99.99,103.78,98.85,100.87,6689277.0
2018-05-01,101.25,101.71,99.77,100.86,3706482.0
2018-05-02,100.44,102.07,100.43,100.82,3714032.0
2018-05-03,100.87,102.1,100.26,101.57,2083726.0
2018-05-04,101.51,103.995,101.51,103.31,1861705.0
2018-05-07,103.24,103.94,101.9,102.56,1675607.0
2018-05-08,102.12,102.79,101.56,102.74,2732494.0
2018-05-09,103.0,103.84,102.19,103.79,2456035.0
2018-05-10,104.0,105.98,103.89,104.92,2175768.0
2018-05-11,105.0,105.66,103.23,103.61,1476119.0
2018-05-14,103.68,103.99,102.54,103.29,1276852.0
2018-05-15,102.79,103.33,101.71,103.28,2942708.0
2018-05-16,103.08,103.44,102.51,102.99,1699598.0
2018-05-17,103.13,103.179,101.49,101.91,1964613.0
2018-05-18,101.92,103.2,101.6103,102.23,1983045.0
2018-05-21,102.85,102.895,101.34,102.1,1610176.0
2018-05-22,102.01,102.11,101.11,101.72,2585103.0
2018-05-23,101.71,102.3258,101.31,102.16,1052755.0
2018-05-24,102.29,102.55,101.44,101.85,1553224.0
2018-05-25,102.0,103.26,101.9,102.74,1427365.0
2018-05-29,102.5,104.1,102.45,103.46,2609866.0
2018-05-30,103.37,104.44,103.02,104.02,1348085.0
2018-05-31,103.57,104.29,102.95,104.15,3124243.0
2018-06-01,104.3,104.3,102.81,103.8,1335410.0
2018-06-04,104.39,104.99,103.58,104.34,2445056.0
2018-06-05,104.37,104.48,102.8,103.15,2849947.0
2018-06-06,103.11,103.32,101.9,102.89,2206542.0
2018-06-07,103.18,103.3,101.87,102.48,1739872.0
2018-06-08,102.71,103.2,102.06,103.04,2840601.0
2018-06-11,102.96,104.22,102.7801,103.33,1941154.0
2018-06-12,103.17,104.71,102.51,104.68,2966611.0
2018-06-13,104.43,104.59,100.93,101.07,2606081.0
2018-06-14,99.99,101.94,99.99,101.17,3432962.0
2018-06-15,101.52,102.29,100.74,101.09,3324226.0
2018-06-18,100.74,101.12,100.41,100.96,2242034.0
2018-06-19,100.5,102.7,100.5,101.93,2504116.0
2018-06-20,101.7,102.89,101.29,102.59,1825777.0
2018-06-21,102.55,103.55,102.52,102.91,1153766.0
2018-06-22,103.17,104.06,102.35,103.6,3059510.0
2018-06-25,103.54,104.43,103.03,104.28,2173516.0
2018-06-26,104.65,106.5,104.21,106.36,3673132.0
2018-06-27,106.4,107.49,105.95,106.33,1775604.0
2018-06-28,106.7,107.81,106.4,107.6,2087374.0
2018-06-29,106.91,108.34,106.19,107.82,2789254.0
2018-07-02,107.85,108.56,106.91,108.18,2178620.0
2018-07-03,108.32,109.88,107.67,109.01,2165477.0
2018-07-05,109.05,111.11,109.05,111.0,2311279.0
2018-07-06,111.42,112.04,110.83,111.27,1800962.0
2018-07-09,111.54,111.79,108.9901,109.61,2164590.0
2018-07-10,109.58,110.81,108.0,110.6,3474911.0
2018-07-11,110.56,111.46,110.321,110.86,1771086.0
2018-07-12,111.25,111.57,110.2675,110.75,2011159.0
2018-07-13,111.2,111.49,110.34,111.06,1109979.0
2018-07-16,111.06,111.06,109.85,110.57,1178141.0
2018-07-17,110.83,110.96,110.06,110.87,2896529.0
2018-07-18,110.52,110.76,109.81,110.44,2156239.0
2018-07-19,109.65,112.25,109.65,111.03,2178743.0
2018-07-20,110.78,111.61,109.96,110.33,3103447.0
2018-07-23,110.225,110.63,108.17,108.75,2227206.0
2018-07-24,108.25,108.94,106.95,107.99,4123566.0
2018-07-25,108.38,109.43,107.78,108.92,2158511.0
2018-07-26,109.24,109.87,109.16,109.55,1792648.0
2018-07-27,109.95,110.35,108.99,109.06,1596088.0
2018-07-30,108.99,109.75,108.16,109.61,2422000.0
2018-07-31,109.58,111.4,109.55,110.83,2921886.0
2018-08-01,110.16,111.69,109.545,111.54,1559052.0
2018-08-02,111.68,111.98,110.89,111.25,1256212.0
2018-08-03,111.4,112.59,110.95,112.49,1305710.0
2018-08-06,112.66,113.28,110.85,111.0,3334137.0
2018-08-07,111.03,111.39,109.42,111.25,3557404.0
2018-08-08,111.41,111.66,109.81,109.96,2289262.0
2018-08-09,109.95,111.5,109.92,111.42,1743632.0
2018-08-10,111.29,112.33,110.29,110.34,948120.0
2018-08-13,110.09,110.94,109.74,110.62,1406722.0
2018-08-14,110.8,111.36,110.4,111.25,1345317.0
2018-08-15,111.3,112.35,110.85,112.25,1854010.0
2018-08-16,112.07,113.01,112.03,112.69,1694732.0
2018-08-17,112.86,113.89,112.44,113.86,1850884.0
2018-08-20,113.95,114.52,112.99,114.26,1818714.0
2018-08-21,114.29,114.29,112.57,112.85,3458615.0
2018-08-22,112.76,112.9072,111.0901,111.66,2589934.0
2018-08-23,111.71,112.135,111.33,111.58,1116579.0
2018-08-24,111.7,112.86,111.49,112.43,1479353.0
2018-08-27,112.82,112.82,111.41,111.63,1531227.0
2018-08-28,111.58,113.61,111.505,113.57,1429180.0
2018-08-29,113.57,114.5,113.37,113.97,2493354.0
2018-08-30,114.23,114.44,113.4,113.76,1385220.0
2018-08-31,113.79,114.81,113.68,114.03,2180980.0
2018-09-04,113.7,114.28,113.26,113.64,1197597.0
2018-09-05,113.35,113.92,112.64,113.9,1247769.0
2018-09-06,114.05,114.45,113.34,114.33,1131985.0
2018-09-07,113.9,114.01,112.97,113.02,1236566.0
2018-09-10,113.38,113.77,112.57,112.63,1913100.0
2018-09-11,112.5,112.6344,111.93,112.11,1996396.0
2018-09-12,112.26,112.5492,111.5,112.22,1515831.0
2018-09-13,111.46,113.0079,111.06,112.5,1779530.0
2018-09-14,112.34,112.44,111.15,111.55,1541665.0
2018-09-17,111.6,113.05,111.36,112.7,1738303.0
2018-09-18,112.51,113.09,112.09,112.17,1282372.0
2018-09-19,112.38,112.55,111.5,111.82,2120208.0
2018-09-20,111.72,112.76,111.29,112.4,2274543.0
2018-09-21,112.01,112.86,111.67,111.71,2906154.0
2018-09-24,111.48,111.85,110.03,110.23,1918273.0
2018-09-25,110.26,111.02,109.57,109.69,1513795.0
2018-09-26,109.69,110.35,108.31,108.53,2141938.0
2018-09-27,108.86,109.63,108.64,108.92,2020892.0
2018-09-28,109.23,111.39,109.23,111.33,2375104.0
2018-10-01,111.33,111.96,110.37,110.41,2121405.0
2018-10-02,110.45,110.73,109.02,109.08,1830814.0
2018-10-03,109.28,110.1463,107.79,108.84,1757516.0
2018-10-04,108.44,108.88,107.19,108.32,1279969.0
2018-10-05,108.41,109.42,108.13,108.74,1232122.0
2018-10-08,108.98,111.07,108.95,110.27,2149299.0
2018-10-09,110.31,112.07,110.19,111.07,2330320.0
2018-10-10,111.07,111.5,108.7,108.71,3186697.0
2018-10-11,108.98,108.98,104.6,105.28,2324837.0
2018-10-12,106.27,106.91,104.06,104.95,3033440.0
2018-10-15,104.81,106.63,104.74,105.51,1871142.0
2018-10-16,105.57,107.135,105.1,106.9,2210517.0
2018-10-17,107.13,107.5,105.65,106.79,2465071.0
2018-10-18,106.0,108.645,105.02,106.62,3933088.0
2018-10-19,106.67,107.89,106.06,106.93,2567826.0
2018-10-22,107.26,107.83,105.78,105.78,2462483.0
2018-10-23,105.54,106.34,104.53,106.16,3149460.0
2018-10-24,106.42,108.44,106.21,106.78,4904402.0
2018-10-25,107.1,108.3,106.03,107.35,3272047.0
2018-10-26,106.61,106.89,103.29,103.54,3148703.0
2018-10-29,104.2,106.76,104.14,106.05,4762732.0
2018-10-30,106.77,110.12,105.98,109.52,3117118.0
2018-10-31,109.68,110.025,107.93,108.74,3168151.0
2018-11-01,109.24,110.25,108.6601,109.32,2540522.0
2018-11-02,109.25,109.63,107.88,109.34,2817426.0
2018-11-05,109.81,111.7,109.745,111.03,2731285.0
2018-11-06,111.19,111.84,110.53,111.21,1365403.0
2018-11-07,111.35,112.45,111.05,111.73,1844570.0
2018-11-08,111.59,111.89,110.48,111.47,2177176.0
2018-11-09,111.47,111.92,110.54,110.87,1495786.0
2018-11-12,110.79,111.89,109.66,109.73,2334091.0
2018-11-13,110.05,111.07,109.53,110.68,2137331.0
2018-11-14,111.26,111.26,109.25,110.3,1837004.0
2018-11-15,110.07,110.99,108.81,110.59,2648746.0
2018-11-16,110.42,112.36,110.057,112.12,2328878.0
2018-11-19,112.17,113.78,111.54,112.27,2006854.0
2018-11-20,112.67,112.93,109.63,109.63,2550341.0
2018-11-21,109.43,110.18,108.63,109.47,2113016.0
2018-11-23,109.24,109.43,107.92,107.96,684706.0
2018-11-26,108.34,108.59,107.9,108.39,1539945.0
2018-11-27,108.53,110.51,108.29,110.48,2016159.0
2018-11-28,110.7,112.37,110.1872,112.12,1865100.0
2018-11-29,112.16,113.37,111.5,113.0,2646970.0
2018-11-30,113.3,114.95,112.71,114.9,3752310.0
2018-12-03,114.68,115.335,111.34,113.7,3640830.0
2018-12-04,113.66,115.405,113.66,115.0,2907850.0
2018-12-06,114.42,117.6,113.23,117.47,3247326.0
2018-12-07,117.12,117.58,115.32,115.76,2308234.0
2018-12-10,115.73,116.66,114.31,116.1,2188909.0
2018-12-11,116.74,117.17,116.0,116.14,1732630.0
2018-12-12,116.74,117.52,115.45,115.48,2173434.0
2018-12-13,114.76,115.84,114.02,115.05,2153356.0
2018-12-14,114.5,115.175,113.69,114.55,2231127.0
2018-12-17,114.55,114.77,110.86,110.91,2837465.0
2018-12-18,111.47,112.71,109.95,110.62,2091473.0
2018-12-19,111.26,112.75,110.13,110.26,2324317.0
2018-12-20,110.06,111.31,109.23,110.0,3422433.0
2018-12-21,108.35,111.18,106.11,106.2,4839695.0
2018-12-24,106.25,106.56,103.87,103.87,1501109.0
2018-12-26,104.02,107.64,103.21,107.63,2234487.0
2018-12-27,107.14,107.88,104.42,107.88,1690551.0
2018-12-28,108.96,109.24,107.43,108.12,1575585.0
2018-12-31,108.5,108.66,106.68,108.63,1375829.0
2019-01-02,107.62,107.62,105.16,105.95,2127782.0
2019-01-03,105.82,108.65,105.82,106.48,2288040.0
2019-01-04,107.3,108.87,106.87,108.07,1591317.0
2019-01-07,108.42,109.699,108.18,108.6,1431332.0
2019-01-08,109.47,109.6,107.34,107.54,3250643.0
2019-01-09,107.36,107.54,104.43,105.67,3213594.0
2019-01-10,105.62,107.12,105.11,106.85,2276996.0
2019-01-11,106.61,107.715,105.93,107.38,1482701.0
2019-01-14,106.8,107.18,104.2196,106.42,1989154.0
2019-01-15,106.71,107.85,106.4,107.4,1271754.0
2019-01-16,107.15,107.86,106.52,107.33,1483477.0
2019-01-17,107.21,108.01,106.76,107.62,1488452.0
2019-01-18,108.23,108.35,106.9,107.61,1907564.0
2019-01-22,107.62,109.21,107.51,109.19,2322250.0
2019-01-23,109.71,110.3,108.97,110.27,2557981.0
2019-01-24,110.79,112.88,109.58,111.91,2990291.0
2019-01-25,112.74,114.77,112.3,113.7,2449496.0
2019-01-28,113.69,114.59,112.75,114.38,2026901.0
2019-01-29,114.05,115.11,114.04,115.05,1788059.0
2019-01-30,114.94,116.271,114.87,115.47,2357812.0
2019-01-31,115.47,117.2,114.265,117.06,3463175.0
2019-02-01,117.22,117.27,114.86,116.98,1982036.0
2019-02-04,116.82,117.64,115.96,117.64,1915138.0
2019-02-05,117.65,119.24,117.4,119.22,2352857.0
2019-02-06,119.41,119.43,117.165,117.36,2007688.0
2019-02-07,116.72,118.43,116.72,118.28,1521422.0
2019-02-08,118.07,118.63,117.45,118.37,2113537.0
2019-02-11,118.43,118.96,117.9255,118.44,1233444.0
2019-02-12,118.4,118.55,116.79,117.38,2072661.0
2019-02-13,117.53,118.5,117.0336,118.44,1538894.0
2019-02-14,118.46,119.12,117.83,118.75,1168128.0
2019-02-15,119.69,120.2,118.93,120.13,1861026.0
2019-02-19,120.23,120.56,119.61,120.15,1602621.0
2019-02-20,120.39,120.39,119.04,119.58,2355327.0
2019-02-21,119.11,119.94,118.36,119.36,1782714.0
2019-02-22,119.68,120.23,118.69,119.87,1289973.0
2019-02-25,120.06,120.13,117.94,118.17,2104369.0
2019-02-26,118.39,118.82,117.75,118.17,1251882.0
2019-02-27,118.11,118.71,117.03,118.32,1096953.0
2019-02-28,118.38,120.0,117.85,118.75,2215068.0
2019-03-01,118.85,119.37,117.4,119.23,1462132.0
2019-03-04,119.65,119.777,117.85,119.51,1647665.0
2019-03-05,119.51,120.3,119.33,119.58,1272682.0
2019-03-06,119.86,121.22,119.6,120.68,1884228.0
2019-03-07,120.6,121.7,120.28,120.74,1614972.0
2019-03-08,120.72,121.59,120.19,120.96,1133840.0
2019-03-11,121.18,123.62,121.1,123.54,1564829.0
2019-03-12,123.72,124.4,123.19,123.85,1766233.0
2019-03-13,124.23,125.66,124.01,125.01,2509434.0
2019-03-14,124.13,124.37,123.2,124.01,1660439.0
2019-03-15,124.5,125.14,124.05,125.03,3155033.0
2019-03-18,125.15,125.59,124.04,124.66,1865188.0
2019-03-19,124.7,125.24,123.9444,124.57,2166948.0
2019-03-20,124.59,126.1,123.678,125.76,2154349.0
2019-03-21,125.3,127.13,125.17,126.4,2587972.0
2019-03-22,126.36,127.68,125.49,125.5,1917603.0
2019-03-25,125.58,125.97,125.06,125.28,2186513.0
2019-03-26,125.67,126.891,124.73,125.54,1496390.0
2019-03-27,125.47,126.4,124.53,126.38,1673051.0
2019-03-28,126.68,127.25,125.96,127.23,2477468.0
2019-03-29,127.23,128.2,126.52,128.0,2609454.0
2019-04-01,128.37,128.37,126.02,126.67,1810967.0
2019-04-02,126.67,128.58,126.38,128.37,1203149.0
2019-04-03,128.36,128.74,127.04,128.38,1466472.0
2019-04-04,128.68,128.75,127.32,128.21,966047.0
2019-04-05,128.22,129.2,127.53,129.1,962775.0
2019-04-08,128.96,129.36,128.005,128.51,1625751.0
2019-04-09,128.55,129.88,128.275,129.83,1607958.0
2019-04-10,130.16,130.35,129.68,130.25,1534081.0
2019-04-11,130.38,130.6,128.35,128.73,1873534.0
2019-04-12,128.32,128.96,126.91,128.87,1799722.0
2019-04-15,128.85,129.1,127.0,127.4,2395893.0
2019-04-16,127.34,127.52,123.685,124.61,3001698.0
2019-04-17,127.22,127.22,122.93,124.17,3249974.0
2019-04-18,121.75,123.94,119.8056,122.62,2748539.0
2019-04-22,122.61,122.7,120.71,122.58,2050407.0
2019-04-23,123.09,123.84,122.14,123.43,1879801.0
2019-04-24,123.69,124.355,122.58,123.12,2045711.0
2019-04-25,123.04,123.15,122.05,122.66,1405098.0
2019-04-26,123.5,124.7,123.04,124.01,1644469.0
2019-04-29,124.0,124.32,123.29,123.6,1330224.0
2019-04-30,123.68,125.93,122.74,125.78,2061450.0
2019-05-01,125.63,126.7,124.37,124.45,1481365.0
2019-05-02,124.53,125.29,123.77,124.03,1223292.0
2019-05-03,124.43,125.22,124.19,124.79,772300.0
2019-05-06,124.28,125.1099,123.42,124.77,1172796.0
2019-05-07,124.63,124.8264,122.37,123.23,1171945.0
2019-05-08,123.36,124.89,123.03,123.71,1273313.0
2019-05-09,123.65,124.81,122.73,124.03,1191461.0
2019-05-10,124.01,126.135,123.7,125.68,1352040.0
2019-05-13,124.8,126.5,124.69,126.3,1709973.0
2019-05-14,126.49,128.05,126.43,126.89,1717072.0
2019-05-15,126.82,127.99,126.3,127.24,1083726.0
2019-05-16,127.12,128.07,127.08,127.53,1396151.0
2019-05-17,127.05,127.85,126.9,127.25,1817442.0
2019-05-20,126.06,126.09,122.6,123.49,3521365.0
2019-05-21,124.05,125.3,122.94,125.05,1541721.0
2019-05-22,125.26,126.76,125.26,126.63,1224821.0
2019-05-23,126.45,127.755,126.02,127.69,1472259.0
2019-05-24,129.65,129.66,127.72,127.83,2023584.0
2019-05-28,128.04,129.03,126.12,126.12,1492080.0
2019-05-29,126.18,127.07,125.19,125.51,1423896.0
2019-05-30,125.89,127.84,125.25,127.69,2377251.0
2019-05-31,127.69,131.9,127.46,130.01,3175515.0
2019-06-03,130.11,132.06,129.337,131.83,2616328.0
2019-06-04,131.5,131.96,130.08,131.86,2141223.0
2019-06-05,132.48,134.65,131.19,134.57,1943328.0
2019-06-06,134.8,135.355,133.75,135.05,1266627.0
2019-06-07,135.77,136.39,135.055,135.22,1348383.0
2019-06-10,135.51,135.7,134.17,134.71,1467206.0
2019-06-11,134.76,136.27,133.74,135.9,2524369.0
2019-06-12,136.09,137.31,134.94,135.09,1756562.0
2019-06-13,133.16,133.9,132.01,132.55,1925317.0
2019-06-14,132.84,133.69,132.51,133.31,1417635.0
2019-06-17,133.67,136.01,133.42,135.99,1541697.0
2019-06-18,136.71,137.25,135.48,136.04,1889215.0
2019-06-19,135.25,136.95,134.78,136.62,1599465.0
2019-06-20,137.0,137.85,136.43,136.92,1659372.0
2019-06-21,136.75,136.92,135.2,135.78,2477897.0
2019-06-24,136.18,136.3786,134.97,135.15,1444345.0
2019-06-25,135.48,135.84,133.19,133.25,1936921.0
2019-06-26,133.08,133.46,129.89,130.46,2049055.0
2019-06-27,130.99,131.97,130.33,130.47,2153281.0
2019-06-28,130.29,131.09,129.91,130.35,3630747.0
2019-07-01,130.84,130.92,126.84,130.12,2249978.0
2019-07-02,130.61,133.46,130.23,133.25,1915356.0
2019-07-03,133.59,134.8,133.44,134.52,946822.0
2019-07-05,133.67,134.84,131.71,134.23,849200.0
2019-07-08,134.26,135.48,133.77,135.09,1105783.0
2019-07-09,134.51,135.55,134.36,135.32,1393141.0
2019-07-10,135.48,136.28,134.95,136.08,1058498.0
2019-07-11,136.02,136.63,133.99,134.21,1404631.0
2019-07-12,134.77,134.85,131.74,132.52,2130302.0
2019-07-15,132.8,134.15,132.27,133.19,1660460.0
2019-07-16,133.33,134.06,132.66,132.72,1202007.0
2019-07-17,133.03,133.2,130.9301,131.62,1640854.0
2019-07-18,125.31,128.6,123.87,126.87,5463930.0
2019-07-19,127.53,128.34,125.21,125.48,4059063.0
2019-07-22,125.48,127.02,124.63,126.42,1911963.0
2019-07-23,126.54,127.74,125.66,127.7,1950995.0
2019-07-24,127.86,129.28,127.16,129.21,2105830.0
2019-07-25,129.2,129.6,127.27,129.47,1746535.0
2019-07-26,129.99,130.89,129.35,130.58,2143455.0
2019-07-29,131.24,131.99,130.97,131.92,191109.0
